Category	Enrichment	Enrichment_std_error	Enrichment_p	Enrichment_p_fdr	Coefficient_z.score	finemapped_trait	n_LeadSNPs	Disease	NiceName	coarse_cluster
ACM_left_trabecular_1	19.1827085651582	3.73043480769739	8.62589792092374e-06	0.001	1.70294199161846	Nielsen_AFib	193	Nielsen_AFib	AtrialFibrillation_Nielsen	ACM
ACM_left_trabecular_2	20.2600889799831	4.43804333597563	5.01044246131236e-05	0.009	1.96832289163258	Nielsen_AFib	193	Nielsen_AFib	AtrialFibrillation_Nielsen	ACM
ACM_left_compact	18.1340462381762	4.17193395986755	8.20715532974707e-05	0.014	0.845455953623211	Nielsen_AFib	193	Nielsen_AFib	AtrialFibrillation_Nielsen	ACM
VCM_left_trabecular_2	15.0123516222597	3.00505875599081	4.40049955614994e-05	0.007	0.713071835467769	Nielsen_AFib	193	Nielsen_AFib	AtrialFibrillation_Nielsen	VCM
VCM_left_trabecular_3	14.7620297699733	2.6950207356506	5.09447755703291e-06	0.001	1.11984651180602	Nielsen_AFib	193	Nielsen_AFib	AtrialFibrillation_Nielsen	VCM
VCM_left_hybrid	15.5668002588826	3.55155844475791	0.000204965192457554	0.035	0.862405625133637	Nielsen_AFib	193	Nielsen_AFib	AtrialFibrillation_Nielsen	VCM
VCM_left_compact_2	13.4850856707464	2.87988115821283	0.000102259129621465	0.017	-0.556848792901778	Nielsen_AFib	193	Nielsen_AFib	AtrialFibrillation_Nielsen	VCM
VCM_left_compact_3	13.4967499993842	2.77536501813241	4.11599936094112e-05	0.007	-0.301343340400834	Nielsen_AFib	193	Nielsen_AFib	AtrialFibrillation_Nielsen	VCM
VCM_right_trabecular	13.9976203074006	2.87476107235447	6.47576891035058e-05	0.011	-0.337352220833087	Nielsen_AFib	193	Nielsen_AFib	AtrialFibrillation_Nielsen	VCM
VCM_AV_valve	19.5192124648883	4.74610838259868	0.000138297650083772	0.024	1.46025388206956	Nielsen_AFib	193	Nielsen_AFib	AtrialFibrillation_Nielsen	VCM
PF_3	21.3386018818354	4.97641881950315	0.000183868425232877	0.031	1.60133237607286	Nielsen_AFib	193	Nielsen_AFib	AtrialFibrillation_Nielsen	CoreConductionCells
SAN_Tz	16.8370790679734	3.55479392756407	6.08904796820493e-05	0.01	0.280208368504336	Nielsen_AFib	193	Nielsen_AFib	AtrialFibrillation_Nielsen	TzConductionCells
AV_Tz	16.2799438940845	3.8794939712822	0.000243862758428569	0.041	-0.198853470703388	Nielsen_AFib	193	Nielsen_AFib	AtrialFibrillation_Nielsen	NA
VCM_transition	15.0610967788053	3.25497313207239	0.000162245545422992	0.028	0.107359349516763	Nielsen_AFib	193	Nielsen_AFib	AtrialFibrillation_Nielsen	NA
ACM_left_trabecular_1	21.8327074861737	4.25844675656296	1.84290555119541e-06	0	1.68361188596993	HRC_EUR_AFib	153	HRC_EUR_AFib	AtrialFibrillation_HRC_EUR	ACM
ACM_left_trabecular_2	21.8102370789382	5.23594838004923	5.12072314180789e-05	0.009	1.46751366682378	HRC_EUR_AFib	153	HRC_EUR_AFib	AtrialFibrillation_HRC_EUR	ACM
ACM_left_hybrid	18.3276358355241	4.43277066183314	0.000112497896343755	0.019	-0.960652804334423	HRC_EUR_AFib	153	HRC_EUR_AFib	AtrialFibrillation_HRC_EUR	ACM
ACM_left_compact	20.2107889041355	4.86970980041754	4.30458013506366e-05	0.007	0.702066086316977	HRC_EUR_AFib	153	HRC_EUR_AFib	AtrialFibrillation_HRC_EUR	ACM
ACM_right_compact_3	17.4992694729667	4.605549970742	0.000241132853784726	0.041	-0.561437527599146	HRC_EUR_AFib	153	HRC_EUR_AFib	AtrialFibrillation_HRC_EUR	ACM
VCM_left_trabecular_2	16.6901776030525	3.12880953347207	8.06225682374718e-06	0.001	0.593680859927467	HRC_EUR_AFib	153	HRC_EUR_AFib	AtrialFibrillation_HRC_EUR	VCM
VCM_left_trabecular_3	16.1393054904565	2.79789013288284	8.85911578129984e-07	0	0.941805618376186	HRC_EUR_AFib	153	HRC_EUR_AFib	AtrialFibrillation_HRC_EUR	VCM
VCM_left_hybrid	18.1169166447084	3.76198937584915	3.0508833739558e-05	0.005	1.26107974724568	HRC_EUR_AFib	153	HRC_EUR_AFib	AtrialFibrillation_HRC_EUR	VCM
VCM_left_compact_1	15.821295047132	3.71814312911282	0.00013799292329604	0.023	-0.331094225680799	HRC_EUR_AFib	153	HRC_EUR_AFib	AtrialFibrillation_HRC_EUR	VCM
VCM_left_compact_2	15.8763227065293	3.05261433734163	1.57035471927894e-05	0.003	0.0193667199055564	HRC_EUR_AFib	153	HRC_EUR_AFib	AtrialFibrillation_HRC_EUR	VCM
VCM_left_compact_3	14.9962225001442	2.93846408068499	1.80968673958812e-05	0.003	-0.490491588417996	HRC_EUR_AFib	153	HRC_EUR_AFib	AtrialFibrillation_HRC_EUR	VCM
VCM_right_trabecular	14.993822999644	2.90082845856894	2.18309254539587e-05	0.004	-0.743989224747081	HRC_EUR_AFib	153	HRC_EUR_AFib	AtrialFibrillation_HRC_EUR	VCM
VCM_AV_valve	22.8350377972905	5.96314150545777	0.000168810752079056	0.029	1.64671545673085	HRC_EUR_AFib	153	HRC_EUR_AFib	AtrialFibrillation_HRC_EUR	VCM
PF_2	20.3915494616195	4.37789542530206	0.000157811743043145	0.027	0.702224111849468	HRC_EUR_AFib	153	HRC_EUR_AFib	AtrialFibrillation_HRC_EUR	CoreConductionCells
PF_3	25.1039187145957	5.48620286693592	2.76279949264696e-05	0.005	2.01662357481879	HRC_EUR_AFib	153	HRC_EUR_AFib	AtrialFibrillation_HRC_EUR	CoreConductionCells
SAN_Tz	19.0054421702712	4.08852239639193	3.07199167010048e-05	0.005	0.345105898685752	HRC_EUR_AFib	153	HRC_EUR_AFib	AtrialFibrillation_HRC_EUR	TzConductionCells
AV_Tz	19.8666229401947	4.2730768800347	2.51506119505639e-05	0.004	0.696262550919266	HRC_EUR_AFib	153	HRC_EUR_AFib	AtrialFibrillation_HRC_EUR	NA
VCM_transition	16.0316548875387	3.30320431509151	4.43819746881699e-05	0.008	-0.429192551212165	HRC_EUR_AFib	153	HRC_EUR_AFib	AtrialFibrillation_HRC_EUR	NA
ACM_left_trabecular_1	27.2042537850473	4.64769764122604	1.41882588370921e-07	0	0.876016791816825	PR_interval	355	PR_interval	PRInterval	ACM
ACM_left_trabecular_2	23.6212657262782	3.28238498274953	1.20791943144356e-10	0	-0.165380996751631	PR_interval	355	PR_interval	PRInterval	ACM
ACM_left_hybrid	25.6360149561992	5.05194165490897	2.27117439749173e-07	0	-0.277149678599985	PR_interval	355	PR_interval	PRInterval	ACM
ACM_left_compact	30.6209825672071	5.3664788918746	1.92006672774429e-06	0	1.09146555582846	PR_interval	355	PR_interval	PRInterval	ACM
ACM_right_trabecular_1	22.9978538018275	4.16762817858665	2.16356892821565e-07	0	-1.0322029810047	PR_interval	355	PR_interval	PRInterval	ACM
ACM_right_trabecular_2	23.9935138840874	4.16559908258535	1.94345041399535e-08	0	-0.547923226162789	PR_interval	355	PR_interval	PRInterval	ACM
ACM_right_compact_1	23.238940637401	4.32678453243858	2.89825781448773e-07	0	-1.01954275623038	PR_interval	355	PR_interval	PRInterval	ACM
ACM_right_compact_2	21.5545477402722	3.28868895202583	3.36383551092339e-10	0	-1.25542517580596	PR_interval	355	PR_interval	PRInterval	ACM
ACM_right_compact_3	31.5004627448728	5.74283615527348	2.39418293586544e-07	0	1.58832705724462	PR_interval	355	PR_interval	PRInterval	ACM
VCM_left_trabecular_1	20.605538280348	4.57583659016472	1.15128673162662e-05	0.002	-1.13009738451171	PR_interval	355	PR_interval	PRInterval	VCM
VCM_left_trabecular_2	19.7915008645714	3.93160331958556	1.42939470639448e-06	0	-1.3022050659584	PR_interval	355	PR_interval	PRInterval	VCM
VCM_left_trabecular_3	23.5330382539792	3.68781850011385	5.13626559681927e-11	0	1.70035195752017	PR_interval	355	PR_interval	PRInterval	VCM
VCM_left_hybrid	25.0047198893075	3.57317603246746	6.58127469394943e-10	0	0.794917609844347	PR_interval	355	PR_interval	PRInterval	VCM
VCM_left_compact_1	26.3752917037974	4.12061471767318	7.04451568171043e-09	0	0.694468471797447	PR_interval	355	PR_interval	PRInterval	VCM
VCM_left_compact_2	22.9148187073093	4.0152416475354	3.39287693112403e-09	0	-0.0662572939549281	PR_interval	355	PR_interval	PRInterval	VCM
VCM_left_compact_3	23.8765490624322	4.26040256822558	3.02522380924924e-08	0	0.57220771887966	PR_interval	355	PR_interval	PRInterval	VCM
VCM_right_trabecular	21.6840489526825	4.38258376804788	9.54844860100274e-07	0	-0.367448142625883	PR_interval	355	PR_interval	PRInterval	VCM
VCM_right_compact	25.4906008717866	4.07457797636849	2.93294452764582e-08	0	0.522763313241431	PR_interval	355	PR_interval	PRInterval	VCM
VCM_AV_valve	21.2497031200483	3.45523774572521	1.2380419678322e-08	0	-0.854436299738324	PR_interval	355	PR_interval	PRInterval	VCM
SAN_head	32.9350371014324	5.02232248360305	7.73775604695724e-09	0	2.6906463385414	PR_interval	355	PR_interval	PRInterval	CoreConductionCells
AV_node	25.841602185543	3.51066639166791	6.82276299697047e-09	0	0.615162224724795	PR_interval	355	PR_interval	PRInterval	CoreConductionCells
AV_bundle	28.3139356195551	4.8008060657141	6.73958148320443e-08	0	1.73364993845586	PR_interval	355	PR_interval	PRInterval	CoreConductionCells
PF_1	28.7469653448102	4.04055045753446	5.60087254243512e-10	0	1.40769665977404	PR_interval	355	PR_interval	PRInterval	CoreConductionCells
PF_2	30.8565064583697	5.11972756782382	2.04892094059584e-08	0	0.982658452962246	PR_interval	355	PR_interval	PRInterval	CoreConductionCells
PF_3	26.4428211528644	4.44186103375531	1.86003759280132e-08	0	-0.414380643707027	PR_interval	355	PR_interval	PRInterval	CoreConductionCells
SAN_Tz	21.7651530664389	4.96066704244009	2.11457914183669e-06	0	-0.920552015985603	PR_interval	355	PR_interval	PRInterval	TzConductionCells
AV_Tz	23.8821818620202	4.20355765081124	1.31305370316757e-07	0	-0.093974363149107	PR_interval	355	PR_interval	PRInterval	NA
AV_bundle_Tz	25.3708682341677	4.28558223763329	1.21739881979011e-08	0	0.688557822562014	PR_interval	355	PR_interval	PRInterval	TzConductionCells
PF_Tz	28.4393327078756	4.60684911609557	1.48051252134967e-08	0	0.785390911020483	PR_interval	355	PR_interval	PRInterval	TzConductionCells
VCM_transition	24.6493807631525	3.82504113191183	1.88440002334645e-09	0	0.16168806869247	PR_interval	355	PR_interval	PRInterval	NA
Endocardial_AtrialSeptumEC_endocardial	14.7489134772854	3.29659250863428	0.000193098550886962	0.033	1.10037555494444	PR_interval	355	PR_interval	PRInterval	Endocardial
Endocaridal_AorticEC_endothelial	11.6965148429751	2.91953748606783	0.000256918300426457	0.044	0.520947711147554	PR_interval	355	PR_interval	PRInterval	Endocardial
CFB_progenitors	15.3975803776201	3.74256552656852	0.000213913611958552	0.036	0.832653062117233	PR_interval	355	PR_interval	PRInterval	FB
CFB_mature	12.965451385053	2.89550998229902	6.24978688554254e-05	0.011	0.704798540927785	PR_interval	355	PR_interval	PRInterval	FB
CFB_atrium	12.326777022744	2.75141184223772	0.000100095848909841	0.017	-0.133422486353733	PR_interval	355	PR_interval	PRInterval	FB
CFB_DMP_1	11.8052485893016	2.63005037230033	0.000104688041984475	0.018	-0.29041145389897	PR_interval	355	PR_interval	PRInterval	FB
CFB_DMP_2	13.8284911892426	3.46467381779176	8.95123488993757e-05	0.015	0.247771081204104	PR_interval	355	PR_interval	PRInterval	FB
CFB_OFT_1	13.4576011119808	3.23098159343157	0.000245546657346952	0.042	0.193891182712884	PR_interval	355	PR_interval	PRInterval	FB
CFB_OFT_3	15.3842630225915	4.08027140865412	0.000211845166366118	0.036	0.811440280087933	PR_interval	355	PR_interval	PRInterval	FB
VIC_free_segments_1	18.3121703116805	3.80343960047251	2.21997230870027e-05	0.004	1.68294061314644	PR_interval	355	PR_interval	PRInterval	FB
VIC_free_segments_2	13.8372966852299	3.4396117670137	0.000148106472845907	0.025	0.333389474649458	PR_interval	355	PR_interval	PRInterval	FB
VIC_NC_derived_mescenchyme	10.6802846010269	2.65193896441755	0.000162935789995964	0.028	-1.76648692641784	PR_interval	355	PR_interval	PRInterval	FB
VIC_valve_roots	15.116692316354	3.07350839965134	7.09824236596512e-06	0.001	0.670717659220481	PR_interval	355	PR_interval	PRInterval	FB
Pericytes_1	11.2122569913238	2.40117917999799	2.25963919100741e-05	0.004	-0.841743585213744	PR_interval	355	PR_interval	PRInterval	MuralCells
Pericytes_3	15.4948482678372	2.8737311232247	1.117615559569e-06	0	1.01129113360674	PR_interval	355	PR_interval	PRInterval	MuralCells
SMC_1	11.3162874246352	2.61426582290704	9.29931875081327e-05	0.016	-1.03344485182763	PR_interval	355	PR_interval	PRInterval	MuralCells
SMC_2	16.3084680156703	4.28876383280415	0.000242632901385393	0.041	0.587843715547771	PR_interval	355	PR_interval	PRInterval	MuralCells
Epicardial_0	11.9474167307321	2.77987405602848	8.46799010845897e-05	0.014	-0.693916638732152	PR_interval	355	PR_interval	PRInterval	Epicardial
Epicardial_1	15.5370263980527	3.7469561288541	6.4336927679317e-05	0.011	0.521862379854861	PR_interval	355	PR_interval	PRInterval	Epicardial
ACM_left_trabecular_1	16.0695783712144	4.80757940958491	7.83377216239229e-05	0.013	0.681312649031747	ECG_meanQRS_duration	61	ECG_meanQRS_duration	ECG_meanQRS	ACM
ACM_left_compact	16.9666637612553	5.15746812415477	0.000173182738573487	0.029	0.952040183708554	ECG_meanQRS_duration	61	ECG_meanQRS_duration	ECG_meanQRS	ACM
ACM_right_trabecular_2	14.0302169142951	4.75426224792317	0.000258584631463906	0.044	-0.376315770472937	ECG_meanQRS_duration	61	ECG_meanQRS_duration	ECG_meanQRS	ACM
VCM_left_trabecular_1	16.9317240468326	5.12988672612475	0.000131277181472578	0.022	1.67758101973811	ECG_meanQRS_duration	61	ECG_meanQRS_duration	ECG_meanQRS	VCM
VCM_left_compact_1	14.4177227754206	4.82717523000895	0.000143382202677435	0.024	0.265353950278555	ECG_meanQRS_duration	61	ECG_meanQRS_duration	ECG_meanQRS	VCM
VCM_left_compact_2	14.5168997153537	4.77970706172988	0.000199627971519748	0.034	1.42883255957929	ECG_meanQRS_duration	61	ECG_meanQRS_duration	ECG_meanQRS	VCM
AV_node	18.1923124489225	5.406491751924	1.69383739581492e-05	0.003	2.08598500844852	ECG_meanQRS_duration	61	ECG_meanQRS_duration	ECG_meanQRS	CoreConductionCells
PF_1	15.9489951038392	5.83549460952993	0.000167158268696694	0.028	0.900163286170744	ECG_meanQRS_duration	61	ECG_meanQRS_duration	ECG_meanQRS	CoreConductionCells
PF_2	21.6100362263456	6.14532719217105	3.06063881095079e-05	0.005	2.07089151533161	ECG_meanQRS_duration	61	ECG_meanQRS_duration	ECG_meanQRS	CoreConductionCells
AV_Tz	17.2350857897175	5.09833995577692	8.43733797928247e-05	0.014	1.27585595275022	ECG_meanQRS_duration	61	ECG_meanQRS_duration	ECG_meanQRS	NA
AV_bundle_Tz	18.6060074642739	5.13521755211516	0.000126453557828764	0.021	1.79689397460989	ECG_meanQRS_duration	61	ECG_meanQRS_duration	ECG_meanQRS	TzConductionCells
Endocardial_AtrialSeptumEC_endocardial	10.0091264482803	2.48091319587224	0.000252853373781175	0.043	0.862343494043999	Aragam_CAD	311	Aragam_CAD	CAD_Aragram	Endocardial
VIC_valve_roots	12.2605474124649	2.97438875552135	0.000145337182012683	0.025	1.9346012595535	Aragam_CAD	311	Aragam_CAD	CAD_Aragram	FB
Pericytes_2	11.5252002982435	2.8061986322443	0.000112756422021904	0.019	2.33525498055555	Aragam_CAD	311	Aragam_CAD	CAD_Aragram	MuralCells
SMC_1	9.82339154449091	2.51055990356411	0.000240628609466502	0.041	1.10872235821303	Aragam_CAD	311	Aragam_CAD	CAD_Aragram	MuralCells
Endocardial_VentricularEC_1	10.1494803114903	2.35433349850738	0.000171003445128735	0.029	0.747821432801294	Harst_CAD	234	Harst_CAD	CAD_Harst	Endocardial
Endocardial_VentricularEC_3	9.37101574888803	2.05423242290099	9.37363921444183e-05	0.016	0.529230976642709	Harst_CAD	234	Harst_CAD	CAD_Harst	Endocardial
Endocardial_AtrialSeptumEC_endocardial	10.1794080897066	2.14655352715764	9.09524670820273e-05	0.015	0.674581572366301	Harst_CAD	234	Harst_CAD	CAD_Harst	Endocardial
Endocardial_OFT_VEC	9.83438997460574	2.27331467504531	0.000271010011339504	0.046	1.05246891053004	Harst_CAD	234	Harst_CAD	CAD_Harst	Endocardial
CFB_mature	9.00383123289696	2.05367349795661	0.000223827775024167	0.038	0.66939841547648	Harst_CAD	234	Harst_CAD	CAD_Harst	FB
CFB_DMP_1	10.5257285342654	2.38102706779903	0.000190779722483576	0.032	1.54772399172047	Harst_CAD	234	Harst_CAD	CAD_Harst	FB
CFB_OFT_3	14.301874217383	3.22078816471991	0.000162979050760927	0.028	2.25982009165535	Harst_CAD	234	Harst_CAD	CAD_Harst	FB
VIC_valve_roots	12.7368675073285	2.59197663402952	3.15526424551037e-05	0.005	1.96827386048966	Harst_CAD	234	Harst_CAD	CAD_Harst	FB
Pericytes_2	12.0145277012937	2.48512671900616	3.24255034025391e-05	0.006	2.01614506285791	Harst_CAD	234	Harst_CAD	CAD_Harst	MuralCells
SMC_1	9.90077292673722	1.81998341308478	6.37191690450119e-06	0.001	0.827218468387858	Harst_CAD	234	Harst_CAD	CAD_Harst	MuralCells
SMC_2	12.2921278023516	2.93841779985144	0.000230468674314487	0.039	1.7608522881139	Harst_CAD	234	Harst_CAD	CAD_Harst	MuralCells
ACM_right_compact_2	91.5459811231863	67.6934050718378	0.000216178994442662	0.037	2.32536907742962	HR_pvRSA_HF	8	HR_pvRSA_HF	HeartRate_pvRSA_HF	ACM
ACM_left_hybrid	18.6246055226766	4.41333810067034	2.17159041846333e-05	0.004	0.795540098636653	HR_den_Hoed	22	HR_den_Hoed	HeartRate_den_Hoed	ACM
ACM_left_compact	19.2878996011956	4.13743130088222	1.00134942745275e-05	0.002	1.30139278281162	HR_den_Hoed	22	HR_den_Hoed	HeartRate_den_Hoed	ACM
ACM_right_trabecular_1	17.7496860399168	4.30654203268333	9.1273725357226e-05	0.016	0.719180128175457	HR_den_Hoed	22	HR_den_Hoed	HeartRate_den_Hoed	ACM
ACM_right_compact_2	17.9111746223527	3.98857413398949	1.3703606178368e-05	0.002	0.982319928098932	HR_den_Hoed	22	HR_den_Hoed	HeartRate_den_Hoed	ACM
ACM_right_compact_3	20.0857051227922	4.53943748695801	8.57629358843732e-06	0.001	0.877148759934589	HR_den_Hoed	22	HR_den_Hoed	HeartRate_den_Hoed	ACM
VCM_left_trabecular_1	14.3837634398907	3.75145895935062	0.000230166830254575	0.039	-0.916038100185806	HR_den_Hoed	22	HR_den_Hoed	HeartRate_den_Hoed	VCM
VCM_left_trabecular_3	16.4327836881516	3.80124976726622	3.07124198247114e-05	0.005	1.27423104037167	HR_den_Hoed	22	HR_den_Hoed	HeartRate_den_Hoed	VCM
VCM_left_compact_1	19.8667229879372	5.0932215976906	0.000176721628432099	0.03	2.51479180387987	HR_den_Hoed	22	HR_den_Hoed	HeartRate_den_Hoed	VCM
SAN_head	22.833529523407	4.90354677889467	8.83618877296472e-06	0.002	2.80599344772114	HR_den_Hoed	22	HR_den_Hoed	HeartRate_den_Hoed	CoreConductionCells
VCM_transition	15.8396406828395	3.92552349203072	9.08622802187822e-05	0.015	-0.313677943428398	HR_den_Hoed	22	HR_den_Hoed	HeartRate_den_Hoed	NA
VCM_left_trabecular_2	9.91558999505888	2.46296789592086	0.000146420835904728	0.025	1.26170715675611	invnorm_min_aa_sa	115	invnorm_min_aa_sa	min_aa_sa	VCM
VCM_left_hybrid	9.61814472915757	2.31476811109205	0.000290518074043202	0.049	1.21182915731021	invnorm_min_aa_sa	115	invnorm_min_aa_sa	min_aa_sa	VCM
CFB_progenitors	8.90682388748656	2.10789344812229	6.65517340246651e-05	0.011	0.11201203098485	invnorm_min_aa_sa	115	invnorm_min_aa_sa	min_aa_sa	FB
CFB_mature	9.09382824277582	2.15959023761544	8.35330661538944e-05	0.014	0.495736530868698	invnorm_min_aa_sa	115	invnorm_min_aa_sa	min_aa_sa	FB
CFB_atrium	10.563978700611	2.6214019750396	0.000249242290593835	0.042	0.695752785083782	invnorm_min_aa_sa	115	invnorm_min_aa_sa	min_aa_sa	FB
CFB_DMP_1	12.0439219122373	2.72843429417639	1.81803710434736e-05	0.003	1.79010191884928	invnorm_min_aa_sa	115	invnorm_min_aa_sa	min_aa_sa	FB
Pericytes_3	12.3654846918714	3.13396394612184	0.000237396958239247	0.04	1.64672675285994	invnorm_min_aa_sa	115	invnorm_min_aa_sa	min_aa_sa	MuralCells
SMC_1	12.449917171568	2.57570916152749	9.42564313293922e-07	0	2.16613713314298	invnorm_min_aa_sa	115	invnorm_min_aa_sa	min_aa_sa	MuralCells
SMC_2	15.3205641969656	3.4911179348181	1.90989165748711e-05	0.003	2.45976021226952	invnorm_min_aa_sa	115	invnorm_min_aa_sa	min_aa_sa	MuralCells
VCM_left_compact_1	13.8057569881072	3.24919625432459	5.91147428153089e-05	0.01	1.18796077781202	invnorm_ramax_area	6	invnorm_ramax_area	RightAtriumMaximumArea	VCM
VCM_right_trabecular	14.7224942850669	3.00146294839428	2.23540526932698e-06	0	2.63331088901907	invnorm_ramax_area	6	invnorm_ramax_area	RightAtriumMaximumArea	VCM
VCM_right_compact	13.3786908407261	3.41999682168799	0.000233519474134211	0.04	0.826688885515107	invnorm_ramax_area	6	invnorm_ramax_area	RightAtriumMaximumArea	VCM
PF_2	14.1968918212148	3.67019537743785	0.000180890233179439	0.031	1.44517491509961	invnorm_ramax_area	6	invnorm_ramax_area	RightAtriumMaximumArea	CoreConductionCells
AV_bundle_Tz	14.8574580266296	3.64230739336579	8.49115879013685e-05	0.014	2.12011948921963	invnorm_ramax_area	6	invnorm_ramax_area	RightAtriumMaximumArea	TzConductionCells
VCM_transition	11.9696842657903	3.042085574511	0.000285318927048543	0.049	0.379406216480182	invnorm_ramax_area	6	invnorm_ramax_area	RightAtriumMaximumArea	NA
VCM_left_trabecular_3	11.02811746304	2.95149037069309	0.0002506608841437	0.043	0.0131316244923648	invnorm_ramin_area	8	invnorm_ramin_area	RightAtriumMinimumArea	VCM
VCM_left_compact_1	13.3676717677647	3.37412529077026	9.08052948265645e-05	0.015	1.06197164216944	invnorm_ramin_area	8	invnorm_ramin_area	RightAtriumMinimumArea	VCM
VCM_right_trabecular	15.5975551945573	3.388671081098	3.70574347583466e-06	0.001	2.82768777950555	invnorm_ramin_area	8	invnorm_ramin_area	RightAtriumMinimumArea	VCM
PF_2	17.4353930336115	4.1057601978497	1.63702687889619e-05	0.003	3.06121594767924	invnorm_ramin_area	8	invnorm_ramin_area	RightAtriumMinimumArea	CoreConductionCells
VCM_right_trabecular	21.9675408589323	5.84230674692228	0.000186002007943834	0.032	2.00948227667712	invnorm_ra_rv_min	8	invnorm_ra_rv_min	ra_rv_min	VCM
Pericytes_2	18.7356258544832	4.80730119868101	0.000203595218116641	0.035	2.32252728941819	invnorm_ra_rv_min	8	invnorm_ra_rv_min	ra_rv_min	MuralCells
VCM_right_trabecular	10.4091889059497	2.85661404470488	9.00465801688641e-05	0.015	3.00678097295274	invnorm_root_ao	38	invnorm_root_ao	AorticRoot	VCM
CFB_atrium	9.74251659752405	3.14594699844846	0.000166685699995891	0.028	1.95906295506644	invnorm_root_ao	38	invnorm_root_ao	AorticRoot	FB
SMC_1	10.1507007346917	3.70076325027603	0.000121222419235434	0.021	1.67457901260339	invnorm_root_ao	38	invnorm_root_ao	AorticRoot	MuralCells
VCM_left_trabecular_3	10.3672237038188	2.50828624641073	0.000143335134784241	0.024	0.959586661538979	invnorm_RVEDV	19	invnorm_RVEDV	MaxRVVolume	VCM
VCM_right_trabecular	12.2260129514172	3.01616298392711	8.05710024947809e-05	0.014	1.94527734256038	invnorm_RVEDV	19	invnorm_RVEDV	MaxRVVolume	VCM
AV_bundle_Tz	12.6035238096081	3.0247617798191	7.57611937461669e-05	0.013	1.86745034305088	invnorm_RVEDV	19	invnorm_RVEDV	MaxRVVolume	TzConductionCells
Pericytes_1	13.0151200236084	3.01657873596701	3.39207450845571e-05	0.006	3.87511232179494	invnorm_RVEDV	19	invnorm_RVEDV	MaxRVVolume	MuralCells
AV_Tz	11.4840961376233	3.6795478362745	0.000123001513115285	0.021	2.22127196074464	invnorm_RVEF	18	invnorm_RVEF	RVEjectionFraction	NA
ACM_right_compact_2	16.459813233885	4.4839685572912	0.000105401752969115	0.018	2.4722397041952	invnorm_RVESV_LVESV_ratio	9	invnorm_RVESV_LVESV_ratio	MinRVVolumeToMinLVVolume	ACM
VCM_left_trabecular_3	10.4579055896321	2.57076747273194	0.000138305539059989	0.024	1.50054649860821	invnorm_RVESV	23	invnorm_RVESV	MinRVVolume	VCM
ACM_left_trabecular_2	11.5515835596456	3.01243375145447	0.000229042987893861	0.039	1.21831655304252	invnorm_RVSV	4	invnorm_RVSV	RVStrokeVolume	ACM
VCM_right_trabecular	14.2249530406271	3.33734187203378	2.55331456133739e-05	0.004	2.50397031775669	invnorm_RVSV	4	invnorm_RVSV	RVStrokeVolume	VCM
VCM_AV_valve	15.2935579637853	3.83345809889907	0.000153966686422917	0.026	1.95444480761063	invnorm_RVSV	4	invnorm_RVSV	RVStrokeVolume	VCM
AV_bundle_Tz	13.5264110544448	3.4625328422207	0.000192773918607531	0.033	1.47567935775915	invnorm_RVSV	4	invnorm_RVSV	RVStrokeVolume	TzConductionCells
Pericytes_1	12.9079165108309	3.04608509972491	5.4450266443121e-05	0.009	3.73189262169667	invnorm_RVSV	4	invnorm_RVSV	RVStrokeVolume	MuralCells
SMC_1	12.0669934457997	2.78034077192393	2.85444421157503e-05	0.005	1.80490536160276	invnorm_short_axis_cm_root	31	invnorm_short_axis_cm_root	ProximalPulmonaryArteryRootDiameter	MuralCells
ACM_left_trabecular_1	25.1607425032074	5.52738608489199	6.52071993662135e-06	0.001	1.70887044495854	UKB_AFib	78	UKB_AFib	AtrialFibrillation_UKB	ACM
ACM_left_trabecular_2	24.0731088313133	6.65116975987947	0.000285771142810657	0.049	0.901468498102622	UKB_AFib	78	UKB_AFib	AtrialFibrillation_UKB	ACM
ACM_left_compact	25.4595581032022	6.51132534368216	4.91715457465331e-05	0.008	1.48588489502093	UKB_AFib	78	UKB_AFib	AtrialFibrillation_UKB	ACM
VCM_left_trabecular_2	17.9958676252506	4.229334753547	0.000279475229982419	0.048	0.0801176533458161	UKB_AFib	78	UKB_AFib	AtrialFibrillation_UKB	VCM
VCM_left_trabecular_3	18.5558850527437	3.92798748757269	2.14346062033946e-05	0.004	1.05771891397886	UKB_AFib	78	UKB_AFib	AtrialFibrillation_UKB	VCM
VCM_left_compact_2	18.4031532273126	4.24946338076476	0.000142259438506555	0.024	0.272787945222624	UKB_AFib	78	UKB_AFib	AtrialFibrillation_UKB	VCM
VCM_left_compact_3	17.5476448312214	3.88786831947933	9.69061160910352e-05	0.016	-0.186178103755637	UKB_AFib	78	UKB_AFib	AtrialFibrillation_UKB	VCM
VCM_AV_valve	29.5917692058328	7.45284287457627	6.47195262009451e-05	0.011	2.08619788960132	UKB_AFib	78	UKB_AFib	AtrialFibrillation_UKB	VCM
PF_3	25.8236482454401	6.55014959747193	0.000171670874747695	0.029	1.33372822816629	UKB_AFib	78	UKB_AFib	AtrialFibrillation_UKB	CoreConductionCells
AV_Tz	21.8084721510995	5.22910845036805	9.05881018993704e-05	0.015	0.243812861952652	UKB_AFib	78	UKB_AFib	AtrialFibrillation_UKB	NA
CFB_progenitors	24.8873137678807	7.01494052247512	0.000267604238608985	0.045	2.92528053864627	I9_AORTANEUR	8	I9_AORTANEUR	AorticAneurysm	FB
SMC_1	26.6939303026323	7.39618922655483	0.00015564408356443	0.026	2.67979269938252	I9_AORTANEUR	8	I9_AORTANEUR	AorticAneurysm	MuralCells
AV_bundle	48.2173841277579	17.4632909387567	0.000125973208260644	0.021	2.57075376868418	Q17_CONGEN_MALFO_AORTIC_MITRAL_VALVES	0	Q17_CONGEN_MALFO_AORTIC_MITRAL_VALVES	CongenitalMalformationsOfAorticAndMitralValves	CoreConductionCells
ACM_left_trabecular_1	20.4208919509659	4.91546545654152	1.93960594711778e-08	0	2.17749123230122	resint_EF_LV	85	resint_EF_LV	LeftVentricleEjectionFraction	ACM
ACM_left_trabecular_2	13.24133847112	4.33221353126173	5.42509408313516e-05	0.009	-2.06283843401703	resint_EF_LV	85	resint_EF_LV	LeftVentricleEjectionFraction	ACM
ACM_left_hybrid	16.4218994716384	5.13905500249019	2.48488718766805e-06	0	-0.782919802807322	resint_EF_LV	85	resint_EF_LV	LeftVentricleEjectionFraction	ACM
ACM_left_compact	19.8481546537542	4.99574505142394	1.28940084603859e-08	0	1.47814437471181	resint_EF_LV	85	resint_EF_LV	LeftVentricleEjectionFraction	ACM
ACM_right_trabecular_1	14.4920231623674	5.62057842105207	0.00010484162432672	0.018	-1.1870074280128	resint_EF_LV	85	resint_EF_LV	LeftVentricleEjectionFraction	ACM
ACM_right_trabecular_2	15.675189080356	4.85364675397344	9.51455656319112e-07	0	-0.584606712558526	resint_EF_LV	85	resint_EF_LV	LeftVentricleEjectionFraction	ACM
ACM_right_compact_1	15.8718758435328	4.76465648534116	2.62083453522211e-05	0.004	-0.440392940921699	resint_EF_LV	85	resint_EF_LV	LeftVentricleEjectionFraction	ACM
ACM_right_compact_2	16.5733204649299	4.61502742576743	4.36015590625979e-07	0	0.201663887790038	resint_EF_LV	85	resint_EF_LV	LeftVentricleEjectionFraction	ACM
ACM_right_compact_3	17.417391455162	5.99007527351229	9.96258357842954e-05	0.017	-0.0391136159056768	resint_EF_LV	85	resint_EF_LV	LeftVentricleEjectionFraction	ACM
VCM_left_trabecular_1	19.2693155716314	5.19521139082178	4.06100190056895e-06	0.001	0.44995873111256	resint_EF_LV	85	resint_EF_LV	LeftVentricleEjectionFraction	VCM
VCM_left_trabecular_2	13.8638952332813	4.34113267667547	1.50204636823477e-05	0.003	-3.36881034507253	resint_EF_LV	85	resint_EF_LV	LeftVentricleEjectionFraction	VCM
VCM_left_trabecular_3	16.1580555359792	4.89483902513409	4.8875929165074e-06	0.001	-0.293197447840063	resint_EF_LV	85	resint_EF_LV	LeftVentricleEjectionFraction	VCM
VCM_left_hybrid	18.1312038572971	3.88339679287399	6.73618532609853e-07	0	0.931571989936266	resint_EF_LV	85	resint_EF_LV	LeftVentricleEjectionFraction	VCM
VCM_left_compact_1	15.2164718802576	4.44560367264943	7.48965176454159e-07	0	-1.31317714690692	resint_EF_LV	85	resint_EF_LV	LeftVentricleEjectionFraction	VCM
VCM_left_compact_2	19.5850036444415	5.77273123085536	1.7120723841056e-06	0	1.46076404239354	resint_EF_LV	85	resint_EF_LV	LeftVentricleEjectionFraction	VCM
VCM_left_compact_3	17.4310527022691	5.25360927145558	1.34909775741682e-07	0	0.328181883546141	resint_EF_LV	85	resint_EF_LV	LeftVentricleEjectionFraction	VCM
VCM_right_trabecular	21.1923148204671	5.32684475239656	6.47625190766897e-08	0	2.11138956443859	resint_EF_LV	85	resint_EF_LV	LeftVentricleEjectionFraction	VCM
VCM_right_compact	17.4891466730291	5.44643639161981	1.45368434057049e-06	0	-0.037011967814374	resint_EF_LV	85	resint_EF_LV	LeftVentricleEjectionFraction	VCM
VCM_AV_valve	17.0684074730993	5.46941394857993	1.08443705555963e-05	0.002	0.0908453095493427	resint_EF_LV	85	resint_EF_LV	LeftVentricleEjectionFraction	VCM
SAN_head	13.8804202376866	4.9643056785119	0.000213691679723899	0.036	-1.24507968299879	resint_EF_LV	85	resint_EF_LV	LeftVentricleEjectionFraction	CoreConductionCells
AV_node	15.721573924333	4.55365575349319	2.52439147110208e-06	0	-0.307886879515515	resint_EF_LV	85	resint_EF_LV	LeftVentricleEjectionFraction	CoreConductionCells
AV_bundle	19.4062130439091	6.17167664084085	4.52890655114215e-05	0.008	1.46339084706301	resint_EF_LV	85	resint_EF_LV	LeftVentricleEjectionFraction	CoreConductionCells
PF_1	17.2654320989547	6.25855010974088	7.07889903644654e-05	0.012	0.255369703587391	resint_EF_LV	85	resint_EF_LV	LeftVentricleEjectionFraction	CoreConductionCells
PF_2	18.5693606857607	4.40403551989952	3.58971821890681e-08	0	0.51110781921995	resint_EF_LV	85	resint_EF_LV	LeftVentricleEjectionFraction	CoreConductionCells
SAN_Tz	18.8993619000076	5.01464213619635	1.65660463212234e-07	0	1.65584778214469	resint_EF_LV	85	resint_EF_LV	LeftVentricleEjectionFraction	TzConductionCells
AV_Tz	18.9093581554308	4.32595652294721	5.37159760088004e-09	0	1.41181190523028	resint_EF_LV	85	resint_EF_LV	LeftVentricleEjectionFraction	NA
AV_bundle_Tz	17.8077014591563	3.70799148644539	3.9503293970036e-06	0.001	0.418585366066374	resint_EF_LV	85	resint_EF_LV	LeftVentricleEjectionFraction	TzConductionCells
PF_Tz	20.0625581288334	6.48247297505372	5.78868125281115e-05	0.01	0.710937916388942	resint_EF_LV	85	resint_EF_LV	LeftVentricleEjectionFraction	TzConductionCells
VCM_transition	17.7749956210674	4.68730133326562	2.29252064609623e-08	0	0.151434107907911	resint_EF_LV	85	resint_EF_LV	LeftVentricleEjectionFraction	NA
CFB_atrium	11.0364034910473	3.84921319595036	0.000213410948614071	0.036	0.990320818433035	resint_EF_LV	85	resint_EF_LV	LeftVentricleEjectionFraction	FB
VIC_free_segments_1	15.383251599579	5.06034900093241	5.68206787830619e-05	0.01	1.73886667874764	resint_EF_LV	85	resint_EF_LV	LeftVentricleEjectionFraction	FB
VCM_left_trabecular_3	8.04156527129237	1.89228697209124	0.000260790292411405	0.044	2.0291927663186	resint_LVM	40	resint_LVM	LeftVentricleMass	VCM
ACM_left_trabecular_1	12.1570292093592	2.1771601177147	7.78909422381032e-07	0	2.08408319240905	resint_max_sphericity_index_LV	53	resint_max_sphericity_index_LV	Max3DSphericity_indexLV	ACM
ACM_left_trabecular_2	9.74448322806149	2.08371091955832	6.55967151722087e-05	0.011	0.0496356870953418	resint_max_sphericity_index_LV	53	resint_max_sphericity_index_LV	Max3DSphericity_indexLV	ACM
ACM_left_hybrid	10.2678255330304	2.2075927223762	4.01786951697629e-05	0.007	-0.146061309985032	resint_max_sphericity_index_LV	53	resint_max_sphericity_index_LV	Max3DSphericity_indexLV	ACM
ACM_left_compact	11.2963410674127	1.91728673749991	6.37418476011136e-07	0	1.00403089107971	resint_max_sphericity_index_LV	53	resint_max_sphericity_index_LV	Max3DSphericity_indexLV	ACM
ACM_right_trabecular_2	10.705730674837	2.24997573730479	5.5379414595456e-05	0.009	0.778167612843049	resint_max_sphericity_index_LV	53	resint_max_sphericity_index_LV	Max3DSphericity_indexLV	ACM
ACM_right_compact_2	11.3662181040428	2.23341007038061	1.24424753456356e-05	0.002	1.20197518486116	resint_max_sphericity_index_LV	53	resint_max_sphericity_index_LV	Max3DSphericity_indexLV	ACM
VCM_left_trabecular_1	13.2446661239795	2.6263714965473	1.11673029397472e-05	0.002	1.13104905802417	resint_max_sphericity_index_LV	53	resint_max_sphericity_index_LV	Max3DSphericity_indexLV	VCM
VCM_left_trabecular_2	11.8149235695702	2.47754945837039	3.56011530301906e-05	0.006	-0.40543441002337	resint_max_sphericity_index_LV	53	resint_max_sphericity_index_LV	Max3DSphericity_indexLV	VCM
VCM_left_trabecular_3	11.4145387664746	2.30743513863142	1.79039364465523e-05	0.003	0.0780183369511347	resint_max_sphericity_index_LV	53	resint_max_sphericity_index_LV	Max3DSphericity_indexLV	VCM
VCM_left_hybrid	11.1365055268683	2.44234963620649	6.42798668077808e-05	0.011	0.585534788228678	resint_max_sphericity_index_LV	53	resint_max_sphericity_index_LV	Max3DSphericity_indexLV	VCM
VCM_left_compact_1	11.5507697116619	2.59091970017136	0.000102652202443674	0.017	0.375028025919894	resint_max_sphericity_index_LV	53	resint_max_sphericity_index_LV	Max3DSphericity_indexLV	VCM
VCM_left_compact_2	13.3152710988354	2.62120623676578	9.11144052661872e-06	0.002	1.2902477858064	resint_max_sphericity_index_LV	53	resint_max_sphericity_index_LV	Max3DSphericity_indexLV	VCM
VCM_left_compact_3	10.6952549425028	2.25196717791018	3.30622930375669e-05	0.006	-0.522550727624185	resint_max_sphericity_index_LV	53	resint_max_sphericity_index_LV	Max3DSphericity_indexLV	VCM
VCM_right_trabecular	12.9241236671916	2.75204595263034	4.15478459364553e-05	0.007	0.741185807508576	resint_max_sphericity_index_LV	53	resint_max_sphericity_index_LV	Max3DSphericity_indexLV	VCM
VCM_AV_valve	11.4859092935154	2.21358335408978	5.6168013545883e-06	0.001	1.30044261247399	resint_max_sphericity_index_LV	53	resint_max_sphericity_index_LV	Max3DSphericity_indexLV	VCM
SAN_head	11.1578172632563	2.54012378999824	8.78325142631526e-05	0.015	0.873289543006981	resint_max_sphericity_index_LV	53	resint_max_sphericity_index_LV	Max3DSphericity_indexLV	CoreConductionCells
AV_bundle	11.2718065444425	2.60227179246985	0.000102942230843461	0.018	0.904526263622282	resint_max_sphericity_index_LV	53	resint_max_sphericity_index_LV	Max3DSphericity_indexLV	CoreConductionCells
PF_1	11.6158990906583	2.82554640266237	0.000253919017012754	0.043	0.693602117528595	resint_max_sphericity_index_LV	53	resint_max_sphericity_index_LV	Max3DSphericity_indexLV	CoreConductionCells
PF_3	11.7369407254167	2.52114065304945	4.7946764520393e-05	0.008	0.750306092866151	resint_max_sphericity_index_LV	53	resint_max_sphericity_index_LV	Max3DSphericity_indexLV	CoreConductionCells
SAN_Tz	10.3287445925264	2.28832683786607	0.000106889737917504	0.018	0.249956089076661	resint_max_sphericity_index_LV	53	resint_max_sphericity_index_LV	Max3DSphericity_indexLV	TzConductionCells
VCM_transition	12.4347429234959	2.33927297339702	5.76822208363039e-06	0.001	0.377951333615465	resint_max_sphericity_index_LV	53	resint_max_sphericity_index_LV	Max3DSphericity_indexLV	NA
Endocardial_VentricularEC_3	7.7614317641722	1.76240910436876	0.000160624759924196	0.027	1.31167459827986	resint_max_sphericity_index_LV	53	resint_max_sphericity_index_LV	Max3DSphericity_indexLV	Endocardial
Endocardial_AtrialEC	8.4344409984142	2.00338225187157	0.000272473419774895	0.046	1.13319774214813	resint_max_sphericity_index_LV	53	resint_max_sphericity_index_LV	Max3DSphericity_indexLV	Endocardial
Endocaridal_AorticEC_endothelial	9.91644676411165	2.35063369742356	0.000215975042403872	0.037	2.12161934394182	resint_max_sphericity_index_LV	53	resint_max_sphericity_index_LV	Max3DSphericity_indexLV	Endocardial
CFB_progenitors	8.28488397042682	1.70642832226772	2.95505324580796e-05	0.005	0.792750604414108	resint_max_sphericity_index_LV	53	resint_max_sphericity_index_LV	Max3DSphericity_indexLV	FB
CFB_DMP_3	8.85410266652077	2.15431224080637	0.000283882874974919	0.048	0.970908491672559	resint_max_sphericity_index_LV	53	resint_max_sphericity_index_LV	Max3DSphericity_indexLV	FB
VIC_NC_derived_mescenchyme	9.90967686587401	2.20231894121803	7.13458429297608e-05	0.012	1.00689327419499	resint_max_sphericity_index_LV	53	resint_max_sphericity_index_LV	Max3DSphericity_indexLV	FB
VIC_valve_roots	11.6442050995568	2.32701233935779	1.05763671568355e-05	0.002	2.60054865491454	resint_max_sphericity_index_LV	53	resint_max_sphericity_index_LV	Max3DSphericity_indexLV	FB
Pericytes_1	8.84601025457511	2.11620938143169	0.000204982921176233	0.035	0.851295829308282	resint_max_sphericity_index_LV	53	resint_max_sphericity_index_LV	Max3DSphericity_indexLV	MuralCells
Pericytes_3	9.99049637656167	2.24426399858984	0.000157496311197609	0.027	1.17817941492548	resint_max_sphericity_index_LV	53	resint_max_sphericity_index_LV	Max3DSphericity_indexLV	MuralCells
SMC_1	8.77886401831941	1.99863131239715	0.000116003016776089	0.02	0.397374265308223	resint_max_sphericity_index_LV	53	resint_max_sphericity_index_LV	Max3DSphericity_indexLV	MuralCells
SMC_2	9.8201839452705	2.31238288255295	0.000160254272511483	0.027	0.656359593655572	resint_max_sphericity_index_LV	53	resint_max_sphericity_index_LV	Max3DSphericity_indexLV	MuralCells
ACM_left_trabecular_1	11.2180278242344	2.25615752331523	1.50745554091378e-05	0.003	1.37961794090639	resint_max_volume_LA	15	resint_max_volume_LA	LAMaxVolume	ACM
ACM_left_trabecular_2	9.97352866012381	2.24590023873138	9.96214220056375e-05	0.017	0.0429526822129188	resint_max_volume_LA	15	resint_max_volume_LA	LAMaxVolume	ACM
ACM_left_compact	9.32889364748945	2.10890687980476	0.000119473722525821	0.02	-0.682997988272626	resint_max_volume_LA	15	resint_max_volume_LA	LAMaxVolume	ACM
ACM_right_trabecular_1	11.8632263005927	2.21471479289521	1.28079543362624e-06	0	1.02889613156999	resint_max_volume_LA	15	resint_max_volume_LA	LAMaxVolume	ACM
ACM_right_trabecular_2	10.4601887193133	2.41853504619417	0.000137869615312038	0.023	-0.513463700171377	resint_max_volume_LA	15	resint_max_volume_LA	LAMaxVolume	ACM
ACM_right_compact_1	11.6544192294628	2.41089086035938	1.55888904951778e-05	0.003	0.500292318610461	resint_max_volume_LA	15	resint_max_volume_LA	LAMaxVolume	ACM
ACM_right_compact_2	10.0636995659978	2.22924240391575	8.71340382259826e-05	0.015	-0.140589889487616	resint_max_volume_LA	15	resint_max_volume_LA	LAMaxVolume	ACM
ACM_right_compact_3	12.9306619196075	2.94847350774702	6.72165583949375e-05	0.011	1.25555850809889	resint_max_volume_LA	15	resint_max_volume_LA	LAMaxVolume	ACM
VCM_left_trabecular_3	9.77648214187255	1.93921952076432	7.98632742772153e-06	0.001	0.716365999711855	resint_max_volume_LA	15	resint_max_volume_LA	LAMaxVolume	VCM
VCM_left_compact_1	11.0642862608888	2.0334441239732	1.68663289463383e-06	0	1.08150179019476	resint_max_volume_LA	15	resint_max_volume_LA	LAMaxVolume	VCM
VCM_left_compact_2	10.5639473536137	2.18784899545513	1.57916446833042e-05	0.003	1.33821098847071	resint_max_volume_LA	15	resint_max_volume_LA	LAMaxVolume	VCM
VCM_left_compact_3	9.83140651724595	2.12606036585576	5.49980790678097e-05	0.009	0.197178254366988	resint_max_volume_LA	15	resint_max_volume_LA	LAMaxVolume	VCM
VCM_right_trabecular	11.5253360831053	2.06883928054703	9.35620226170678e-07	0	1.50108173564651	resint_max_volume_LA	15	resint_max_volume_LA	LAMaxVolume	VCM
VCM_AV_valve	12.351023408502	2.67783765013597	3.4615386443919e-05	0.006	1.14018336581616	resint_max_volume_LA	15	resint_max_volume_LA	LAMaxVolume	VCM
PF_1	14.7131638775265	2.97288766135344	6.45144978506137e-06	0.001	1.89324576070404	resint_max_volume_LA	15	resint_max_volume_LA	LAMaxVolume	CoreConductionCells
PF_2	12.7084271243682	2.52115251333641	5.6416807069271e-06	0.001	0.887720632246929	resint_max_volume_LA	15	resint_max_volume_LA	LAMaxVolume	CoreConductionCells
PF_3	11.0522438932662	2.57190926620768	0.000129008282802151	0.022	-0.519248201818738	resint_max_volume_LA	15	resint_max_volume_LA	LAMaxVolume	CoreConductionCells
AV_Tz	11.3712185803135	2.40411602013737	3.34334556892184e-05	0.006	0.950021403948454	resint_max_volume_LA	15	resint_max_volume_LA	LAMaxVolume	NA
AV_bundle_Tz	11.7418939551062	2.06982582420221	1.63892572177947e-06	0	1.01789792620459	resint_max_volume_LA	15	resint_max_volume_LA	LAMaxVolume	TzConductionCells
PF_Tz	12.0723995655075	2.61557109613506	3.77946954037728e-05	0.006	0.315573680266361	resint_max_volume_LA	15	resint_max_volume_LA	LAMaxVolume	TzConductionCells
Endocardial_VentricularEC_2	9.82049070491645	2.20823727177804	8.12706325676019e-05	0.014	1.22123345711262	resint_max_volume_LA	15	resint_max_volume_LA	LAMaxVolume	Endocardial
Endocardial_AtrialEC	11.1565913742678	2.28523283376389	1.05870370147673e-05	0.002	1.99068375649303	resint_max_volume_LA	15	resint_max_volume_LA	LAMaxVolume	Endocardial
Endothelial_CapEC_endo	8.91842287921864	2.11738637733205	0.000210334986310869	0.036	1.59518575369573	resint_max_volume_LA	15	resint_max_volume_LA	LAMaxVolume	Endothelial
CFB_OFT_3	13.8938098484186	3.13542161693898	3.25580511752582e-05	0.006	2.179993108921	resint_max_volume_LA	15	resint_max_volume_LA	LAMaxVolume	FB
VIC_free_segments_2	10.875110291159	2.66462351315014	0.000222191328813475	0.038	1.597516719741	resint_max_volume_LA	15	resint_max_volume_LA	LAMaxVolume	FB
Pericytes_1	9.09277345540366	1.92990120565193	5.07421155314569e-05	0.009	0.683785725585069	resint_max_volume_LA	15	resint_max_volume_LA	LAMaxVolume	MuralCells
SMC_1	8.17098761937321	1.92746071043905	0.00028092879990478	0.048	-0.0615577210676214	resint_max_volume_LA	15	resint_max_volume_LA	LAMaxVolume	MuralCells
ACM_left_trabecular_1	10.039329014498	2.28424614296142	0.000160242418925607	0.027	0.821346160526956	resint_max_volume_LV	61	resint_max_volume_LV	LVMaxVolume	ACM
ACM_left_trabecular_2	8.79284476397862	2.01516014821028	0.000117409221956915	0.02	-0.448580318357439	resint_max_volume_LV	61	resint_max_volume_LV	LVMaxVolume	ACM
ACM_left_compact	10.0522494820142	2.14321920111939	3.23280370159118e-05	0.005	0.507216446741595	resint_max_volume_LV	61	resint_max_volume_LV	LVMaxVolume	ACM
ACM_right_trabecular_2	11.2733535375117	2.23330345861273	6.45955934318934e-06	0.001	1.13140536485993	resint_max_volume_LV	61	resint_max_volume_LV	LVMaxVolume	ACM
ACM_right_compact_3	12.0851726690717	2.39311491087116	5.09989430445993e-06	0.001	1.28505186432603	resint_max_volume_LV	61	resint_max_volume_LV	LVMaxVolume	ACM
VCM_left_trabecular_3	10.4477285972209	2.07117705381311	9.07556290305644e-06	0.002	0.768149719124875	resint_max_volume_LV	61	resint_max_volume_LV	LVMaxVolume	VCM
VCM_left_compact_1	11.3578968789407	2.26553255299525	1.25144573427438e-05	0.002	1.1635341734776	resint_max_volume_LV	61	resint_max_volume_LV	LVMaxVolume	VCM
VCM_left_compact_2	11.9400714880182	2.42079702781653	1.47496779310431e-05	0.003	1.91352721252597	resint_max_volume_LV	61	resint_max_volume_LV	LVMaxVolume	VCM
VCM_left_compact_3	10.9627157807446	2.32482721811337	3.17510036824892e-05	0.005	0.718550582940005	resint_max_volume_LV	61	resint_max_volume_LV	LVMaxVolume	VCM
VCM_right_trabecular	12.2016546230973	2.2950821216808	2.47878531797328e-06	0	1.76658217872696	resint_max_volume_LV	61	resint_max_volume_LV	LVMaxVolume	VCM
PF_1	11.9245389563428	2.72775970273676	6.4433513359647e-05	0.011	0.712077612903176	resint_max_volume_LV	61	resint_max_volume_LV	LVMaxVolume	CoreConductionCells
PF_2	12.065413585517	2.74212538832919	8.06733030407023e-05	0.014	0.872900078221476	resint_max_volume_LV	61	resint_max_volume_LV	LVMaxVolume	CoreConductionCells
AV_Tz	9.88289569868021	2.15292655823714	5.9110743220762e-05	0.01	0.420253632496481	resint_max_volume_LV	61	resint_max_volume_LV	LVMaxVolume	NA
AV_bundle_Tz	11.5611290263655	2.31071724754113	1.03044957570518e-05	0.002	1.23049754735447	resint_max_volume_LV	61	resint_max_volume_LV	LVMaxVolume	TzConductionCells
PF_Tz	11.4141899698017	2.77602144006646	0.000172555874632883	0.029	0.221211651552487	resint_max_volume_LV	61	resint_max_volume_LV	LVMaxVolume	TzConductionCells
Endocardial_OFT_VEC	8.99378433573471	1.98570534739229	8.28216435835475e-05	0.014	1.48104244438459	resint_max_volume_LV	61	resint_max_volume_LV	LVMaxVolume	Endocardial
VIC_valve_roots	10.5966559109045	2.36134434067581	5.31952111385818e-05	0.009	1.0917032555368	resint_max_volume_LV	61	resint_max_volume_LV	LVMaxVolume	FB
Pericytes_1	9.77331615789358	1.90870171798937	3.48496228140679e-06	0.001	1.83114483262836	resint_max_volume_LV	61	resint_max_volume_LV	LVMaxVolume	MuralCells
SMC_1	8.85770149627776	2.0938691483476	0.000103347476060039	0.018	0.531677898373002	resint_max_volume_LV	61	resint_max_volume_LV	LVMaxVolume	MuralCells
Epicardial_3	10.7636549195021	2.71512465128569	0.000273889903789939	0.047	1.86248894523929	resint_max_volume_LV	61	resint_max_volume_LV	LVMaxVolume	Epicardial
ACM_left_trabecular_1	15.2820069005133	2.55905006786652	3.31069583348955e-08	0	1.47797656150516	resint_min_sphericity_index_LV	67	resint_min_sphericity_index_LV	Min3DSphericity_indexLV	ACM
ACM_left_trabecular_2	11.8277428696259	2.66469428460534	5.05635143067822e-05	0.009	-1.17796439363066	resint_min_sphericity_index_LV	67	resint_min_sphericity_index_LV	Min3DSphericity_indexLV	ACM
ACM_left_hybrid	12.2639320414338	2.85690637230739	6.75768623467514e-05	0.011	-1.28859187077229	resint_min_sphericity_index_LV	67	resint_min_sphericity_index_LV	Min3DSphericity_indexLV	ACM
ACM_left_compact	16.4086581371426	2.44334812664917	8.62948345008119e-10	0	1.49604927749318	resint_min_sphericity_index_LV	67	resint_min_sphericity_index_LV	Min3DSphericity_indexLV	ACM
ACM_right_trabecular_1	12.8530806240094	2.48138095462475	1.06791709369526e-06	0	-0.635666348798331	resint_min_sphericity_index_LV	67	resint_min_sphericity_index_LV	Min3DSphericity_indexLV	ACM
ACM_right_trabecular_2	15.5331594915505	2.82464573020775	2.47818679124083e-07	0	1.12111918252679	resint_min_sphericity_index_LV	67	resint_min_sphericity_index_LV	Min3DSphericity_indexLV	ACM
ACM_right_compact_1	11.5902471305039	2.79516705464957	7.53327775761037e-05	0.013	-1.50709923273608	resint_min_sphericity_index_LV	67	resint_min_sphericity_index_LV	Min3DSphericity_indexLV	ACM
ACM_right_compact_2	15.8078075498511	2.62707285386632	2.64010055751286e-08	0	1.19811779635814	resint_min_sphericity_index_LV	67	resint_min_sphericity_index_LV	Min3DSphericity_indexLV	ACM
ACM_right_compact_3	13.9558680079296	2.93896142788055	5.11426125724976e-06	0.001	-0.596332169953098	resint_min_sphericity_index_LV	67	resint_min_sphericity_index_LV	Min3DSphericity_indexLV	ACM
VCM_left_trabecular_1	18.9787463871679	3.58166895424544	7.83210952784563e-07	0	1.11492764799634	resint_min_sphericity_index_LV	67	resint_min_sphericity_index_LV	Min3DSphericity_indexLV	VCM
VCM_left_trabecular_2	14.7072890324932	2.71320790467095	3.08695841507609e-07	0	-1.45859888465744	resint_min_sphericity_index_LV	67	resint_min_sphericity_index_LV	Min3DSphericity_indexLV	VCM
VCM_left_trabecular_3	16.0296353392655	3.04119649805099	1.39218419697995e-06	0	0.370602431634754	resint_min_sphericity_index_LV	67	resint_min_sphericity_index_LV	Min3DSphericity_indexLV	VCM
VCM_left_hybrid	13.7077122025317	2.75723152698103	3.63591878729486e-06	0.001	-0.46279816969033	resint_min_sphericity_index_LV	67	resint_min_sphericity_index_LV	Min3DSphericity_indexLV	VCM
VCM_left_compact_1	15.4756932792821	2.60944763709419	2.0326851263074e-08	0	0.204747274095275	resint_min_sphericity_index_LV	67	resint_min_sphericity_index_LV	Min3DSphericity_indexLV	VCM
VCM_left_compact_2	18.9334911572279	3.41505087250472	3.64642198617017e-07	0	1.35293443240958	resint_min_sphericity_index_LV	67	resint_min_sphericity_index_LV	Min3DSphericity_indexLV	VCM
VCM_left_compact_3	16.1136579327244	3.14553209143427	1.10764306642506e-06	0	0.0500954147959313	resint_min_sphericity_index_LV	67	resint_min_sphericity_index_LV	Min3DSphericity_indexLV	VCM
VCM_right_trabecular	17.8113018370457	2.93514821998996	1.32743226942962e-08	0	0.787585154484064	resint_min_sphericity_index_LV	67	resint_min_sphericity_index_LV	Min3DSphericity_indexLV	VCM
VCM_right_compact	15.1525702668112	2.88612232469485	9.03685208347089e-07	0	-0.496748182376976	resint_min_sphericity_index_LV	67	resint_min_sphericity_index_LV	Min3DSphericity_indexLV	VCM
VCM_AV_valve	14.7142458999661	3.01871405881088	3.11548688446048e-06	0.001	0.539962939154846	resint_min_sphericity_index_LV	67	resint_min_sphericity_index_LV	Min3DSphericity_indexLV	VCM
SAN_head	13.6060646636192	3.26123722223141	6.93931827182708e-05	0.012	-0.00797737875618864	resint_min_sphericity_index_LV	67	resint_min_sphericity_index_LV	Min3DSphericity_indexLV	CoreConductionCells
AV_node	13.2890797088257	2.55255832771845	7.95393893981106e-07	0	0.0944117187054254	resint_min_sphericity_index_LV	67	resint_min_sphericity_index_LV	Min3DSphericity_indexLV	CoreConductionCells
AV_bundle	14.3176408549877	3.32952570163193	4.6858160418822e-05	0.008	0.480143073576636	resint_min_sphericity_index_LV	67	resint_min_sphericity_index_LV	Min3DSphericity_indexLV	CoreConductionCells
PF_1	14.0532169326397	3.40826089777155	0.000117185634779123	0.02	-0.0470260600113559	resint_min_sphericity_index_LV	67	resint_min_sphericity_index_LV	Min3DSphericity_indexLV	CoreConductionCells
PF_2	16.5530868045946	3.78040876155961	4.06234259000025e-05	0.007	0.582720999287464	resint_min_sphericity_index_LV	67	resint_min_sphericity_index_LV	Min3DSphericity_indexLV	CoreConductionCells
PF_3	15.0205805689797	3.02270013946968	3.03036528177997e-06	0.001	0.054086430050168	resint_min_sphericity_index_LV	67	resint_min_sphericity_index_LV	Min3DSphericity_indexLV	CoreConductionCells
SAN_Tz	14.6641311634089	3.0400116037492	9.02904632018329e-06	0.002	0.554585572919286	resint_min_sphericity_index_LV	67	resint_min_sphericity_index_LV	Min3DSphericity_indexLV	TzConductionCells
AV_Tz	13.9875522914229	2.63672543538008	1.09717193074872e-06	0	0.198680414789284	resint_min_sphericity_index_LV	67	resint_min_sphericity_index_LV	Min3DSphericity_indexLV	NA
AV_bundle_Tz	13.3990609108985	2.71363487005264	3.90342166732396e-06	0.001	-0.337265787224805	resint_min_sphericity_index_LV	67	resint_min_sphericity_index_LV	Min3DSphericity_indexLV	TzConductionCells
PF_Tz	12.346968666493	3.00250593698579	6.59325991709216e-05	0.011	-1.19098386717008	resint_min_sphericity_index_LV	67	resint_min_sphericity_index_LV	Min3DSphericity_indexLV	TzConductionCells
VCM_transition	15.63793825264	2.71981997116459	7.38558151859802e-08	0	-0.535318945025956	resint_min_sphericity_index_LV	67	resint_min_sphericity_index_LV	Min3DSphericity_indexLV	NA
Endocardial_OFT_VEC	10.2557256961565	2.52544327217357	0.000252142094166311	0.043	1.44916620307644	resint_min_sphericity_index_LV	67	resint_min_sphericity_index_LV	Min3DSphericity_indexLV	Endocardial
CFB_progenitors	9.72992939754427	2.27100898018673	8.49569486338625e-05	0.014	1.08438636610025	resint_min_sphericity_index_LV	67	resint_min_sphericity_index_LV	Min3DSphericity_indexLV	FB
CFB_DMP_1	10.0795105998634	2.41400335188655	0.000148704955815597	0.025	1.1251452502122	resint_min_sphericity_index_LV	67	resint_min_sphericity_index_LV	Min3DSphericity_indexLV	FB
VIC_NC_derived_mescenchyme	10.9812339262321	2.76010697165496	0.000274247281463644	0.047	0.425445413250584	resint_min_sphericity_index_LV	67	resint_min_sphericity_index_LV	Min3DSphericity_indexLV	FB
VIC_valve_roots	12.8160496744408	2.99057418207201	4.26439284381028e-05	0.007	1.4433519517327	resint_min_sphericity_index_LV	67	resint_min_sphericity_index_LV	Min3DSphericity_indexLV	FB
Pericytes_3	13.161234408487	3.02252406611674	7.33814065434522e-05	0.012	1.73370020764191	resint_min_sphericity_index_LV	67	resint_min_sphericity_index_LV	Min3DSphericity_indexLV	MuralCells
ACM_right_trabecular_1	12.6250984826142	2.46294549282913	2.12916747606813e-06	0	1.87742151307963	resint_min_volume_LA	21	resint_min_volume_LA	LAMinVolume	ACM
VCM_left_trabecular_3	9.12189186510612	2.09992968172039	7.8627179022361e-05	0.013	0.775646261993553	resint_min_volume_LA	21	resint_min_volume_LA	LAMinVolume	VCM
VCM_left_compact_1	9.96967428568493	2.18075212148579	6.75710756336697e-05	0.011	0.656629170634656	resint_min_volume_LA	21	resint_min_volume_LA	LAMinVolume	VCM
VCM_right_trabecular	10.2916783199871	2.19940558359319	2.09686287596087e-05	0.004	0.974011154541873	resint_min_volume_LA	21	resint_min_volume_LA	LAMinVolume	VCM
PF_1	13.9708644361488	3.31128341318378	0.000103163140157028	0.018	1.70641409404075	resint_min_volume_LA	21	resint_min_volume_LA	LAMinVolume	CoreConductionCells
PF_2	12.2250704725221	2.8608058680067	6.26241226547208e-05	0.011	0.949246152419398	resint_min_volume_LA	21	resint_min_volume_LA	LAMinVolume	CoreConductionCells
AV_bundle_Tz	10.5578692726416	2.30945607391812	4.2503599715921e-05	0.007	0.645737388220609	resint_min_volume_LA	21	resint_min_volume_LA	LAMinVolume	TzConductionCells
Endocardial_AtrialEC	10.9974921293717	2.54144795465067	7.14399922385756e-05	0.012	2.4260497564458	resint_min_volume_LA	21	resint_min_volume_LA	LAMinVolume	Endocardial
ACM_left_trabecular_1	14.3110046470987	2.64196065843696	2.75385498460395e-06	0	1.57253192698063	resint_min_volume_LV	111	resint_min_volume_LV	LVMinVolume	ACM
ACM_left_trabecular_2	11.6182995258379	2.60738322142051	5.11927964329849e-05	0.009	-0.575949032387186	resint_min_volume_LV	111	resint_min_volume_LV	LVMinVolume	ACM
ACM_left_hybrid	11.5589486113655	2.85756541918643	0.00023249096086637	0.04	-1.34829921446389	resint_min_volume_LV	111	resint_min_volume_LV	LVMinVolume	ACM
ACM_left_compact	14.4109983417638	2.58901901630329	3.78433858505896e-07	0	1.09018557482268	resint_min_volume_LV	111	resint_min_volume_LV	LVMinVolume	ACM
ACM_right_trabecular_1	11.2982536511021	2.51245270246034	3.09789994462486e-05	0.005	-1.46353051682333	resint_min_volume_LV	111	resint_min_volume_LV	LVMinVolume	ACM
ACM_right_trabecular_2	13.3485806892114	2.63131362216013	1.81025801648499e-06	0	0.382504293240988	resint_min_volume_LV	111	resint_min_volume_LV	LVMinVolume	ACM
ACM_right_compact_1	12.9386330442442	2.98717797463024	8.68975274895972e-05	0.015	0.0222169285537896	resint_min_volume_LV	111	resint_min_volume_LV	LVMinVolume	ACM
ACM_right_compact_2	12.1611592821228	2.46687835399961	9.78902074403475e-06	0.002	-0.652319864595457	resint_min_volume_LV	111	resint_min_volume_LV	LVMinVolume	ACM
ACM_right_compact_3	15.6982264137526	3.28834923117151	9.33876924471194e-06	0.002	1.28362009823517	resint_min_volume_LV	111	resint_min_volume_LV	LVMinVolume	ACM
VCM_left_trabecular_1	13.045771182339	3.12057113876849	0.000165762349328973	0.028	-0.62192945717505	resint_min_volume_LV	111	resint_min_volume_LV	LVMinVolume	VCM
VCM_left_trabecular_2	10.540402662543	2.43849431917373	0.000122694568105766	0.021	-3.63110573884786	resint_min_volume_LV	111	resint_min_volume_LV	LVMinVolume	VCM
VCM_left_trabecular_3	12.5778831379366	2.55939466904749	8.67581418558118e-06	0.001	-0.0753692079738166	resint_min_volume_LV	111	resint_min_volume_LV	LVMinVolume	VCM
VCM_left_hybrid	12.7592634971923	2.49417799690097	7.42481515491204e-06	0.001	0.193587282135637	resint_min_volume_LV	111	resint_min_volume_LV	LVMinVolume	VCM
VCM_left_compact_1	12.3973516717835	2.22580290622053	8.37856444197219e-07	0	-0.641743614099305	resint_min_volume_LV	111	resint_min_volume_LV	LVMinVolume	VCM
VCM_left_compact_2	15.3508320765226	3.01242572506774	4.26655864950768e-06	0.001	1.68757557865402	resint_min_volume_LV	111	resint_min_volume_LV	LVMinVolume	VCM
VCM_left_compact_3	14.0527952751393	2.48832487338655	2.21862023313306e-07	0	0.726732911111739	resint_min_volume_LV	111	resint_min_volume_LV	LVMinVolume	VCM
VCM_right_trabecular	16.0993483470994	2.90353791076374	5.33410682455901e-07	0	2.1457869172548	resint_min_volume_LV	111	resint_min_volume_LV	LVMinVolume	VCM
VCM_right_compact	12.8435366060458	2.67095478491764	9.84283549982608e-06	0.002	-0.424043921199219	resint_min_volume_LV	111	resint_min_volume_LV	LVMinVolume	VCM
AV_node	12.1272682525269	2.57467513142927	2.04956091492839e-05	0.003	-0.226101756330626	resint_min_volume_LV	111	resint_min_volume_LV	LVMinVolume	CoreConductionCells
AV_bundle	14.5345580618518	3.58691054103628	0.000171118330246382	0.029	1.02733250181497	resint_min_volume_LV	111	resint_min_volume_LV	LVMinVolume	CoreConductionCells
PF_1	13.3970225770419	3.23650148484321	0.000118002157921492	0.02	0.146739446766037	resint_min_volume_LV	111	resint_min_volume_LV	LVMinVolume	CoreConductionCells
PF_2	14.8277190055128	2.7517745336445	5.56994474398388e-07	0	0.694914689362213	resint_min_volume_LV	111	resint_min_volume_LV	LVMinVolume	CoreConductionCells
SAN_Tz	13.7259251345304	2.84947180201045	1.00358522356827e-05	0.002	0.970016271711424	resint_min_volume_LV	111	resint_min_volume_LV	LVMinVolume	TzConductionCells
AV_Tz	13.1773081327914	2.27899926070177	2.26698169033115e-07	0	0.625730706211986	resint_min_volume_LV	111	resint_min_volume_LV	LVMinVolume	NA
AV_bundle_Tz	13.4772820765521	2.54556043231708	4.5678854672931e-06	0.001	0.571403973691266	resint_min_volume_LV	111	resint_min_volume_LV	LVMinVolume	TzConductionCells
PF_Tz	15.3982521435902	3.69795807154384	7.22499834885651e-05	0.012	0.640839539711056	resint_min_volume_LV	111	resint_min_volume_LV	LVMinVolume	TzConductionCells
VCM_transition	14.2378302312188	2.50667819092299	2.52878846827113e-07	0	0.624416382619244	resint_min_volume_LV	111	resint_min_volume_LV	LVMinVolume	NA
Endocardial_OFT_VEC	11.0767199691951	2.51925212371014	5.4936701366778e-05	0.009	2.22755778899367	resint_min_volume_LV	111	resint_min_volume_LV	LVMinVolume	Endocardial
VIC_free_segments_1	12.8659919240731	3.08407937677799	9.55316299751828e-05	0.016	1.4737049362078	resint_min_volume_LV	111	resint_min_volume_LV	LVMinVolume	FB
VIC_NC_derived_mescenchyme	11.3935726763096	2.67487004900971	9.14121397988102e-05	0.016	0.473925662693263	resint_min_volume_LV	111	resint_min_volume_LV	LVMinVolume	FB
VIC_valve_roots	12.7698714964779	3.12147849542295	0.000136678692832848	0.023	1.30378521065765	resint_min_volume_LV	111	resint_min_volume_LV	LVMinVolume	FB
Pericytes_1	9.25578401819137	2.35984049354698	0.000272377323950649	0.046	0.556123995888599	resint_min_volume_LV	111	resint_min_volume_LV	LVMinVolume	MuralCells
SMC_2	13.1403556754414	3.27376983909621	0.000133252559088578	0.023	1.69552791331142	resint_min_volume_LV	111	resint_min_volume_LV	LVMinVolume	MuralCells
ACM_left_trabecular_1	11.9718795382156	2.87303199814841	0.000131713870738902	0.022	0.779380935591759	resint_SV_LA	11	resint_SV_LA	LAStrokeVolume	ACM
ACM_left_trabecular_2	10.8873395233074	2.72737284224535	0.000179308648639706	0.03	-0.162343949152713	resint_SV_LA	11	resint_SV_LA	LAStrokeVolume	ACM
ACM_left_compact	10.7155104778467	2.67120077167983	0.000212602815753385	0.036	-0.322423284842072	resint_SV_LA	11	resint_SV_LA	LAStrokeVolume	ACM
ACM_right_trabecular_1	12.2764195406996	3.09579780752512	8.00080408652899e-05	0.014	0.146894409121732	resint_SV_LA	11	resint_SV_LA	LAStrokeVolume	ACM
ACM_right_compact_1	14.2194598249415	3.2676088862155	2.39699774649886e-05	0.004	1.6119564951934	resint_SV_LA	11	resint_SV_LA	LAStrokeVolume	ACM
ACM_right_compact_3	12.8319123307761	3.16937655785753	9.40754307413289e-05	0.016	0.392392111282344	resint_SV_LA	11	resint_SV_LA	LAStrokeVolume	ACM
VCM_left_trabecular_3	11.5254077009361	2.6794629242048	4.08366965306942e-05	0.007	0.817464953224519	resint_SV_LA	11	resint_SV_LA	LAStrokeVolume	VCM
VCM_left_compact_1	13.1759554747696	3.01069542672046	1.71699925092864e-05	0.003	1.07635606966971	resint_SV_LA	11	resint_SV_LA	LAStrokeVolume	VCM
VCM_left_compact_2	12.2465786115622	2.90029343610201	5.76190242096012e-05	0.01	1.17463752276813	resint_SV_LA	11	resint_SV_LA	LAStrokeVolume	VCM
VCM_left_compact_3	10.9187084017885	2.77426103614921	0.000232417649030823	0.04	-0.265075443687739	resint_SV_LA	11	resint_SV_LA	LAStrokeVolume	VCM
VCM_right_trabecular	13.0895712414918	2.89431665468421	2.56620165587212e-05	0.004	1.26195398133142	resint_SV_LA	11	resint_SV_LA	LAStrokeVolume	VCM
VCM_right_compact	11.5717795586901	3.01250182082574	0.000263789608804675	0.045	-0.420931085239008	resint_SV_LA	11	resint_SV_LA	LAStrokeVolume	VCM
PF_1	15.4394831364844	3.75874649777449	3.91547969142587e-05	0.007	1.72389592869469	resint_SV_LA	11	resint_SV_LA	LAStrokeVolume	CoreConductionCells
PF_2	14.024952380413	3.33851187919668	0.000100791433166228	0.017	0.743785496718915	resint_SV_LA	11	resint_SV_LA	LAStrokeVolume	CoreConductionCells
AV_bundle_Tz	14.0113732535721	2.6803112756643	6.27323887396723e-06	0.001	1.28853334208207	resint_SV_LA	11	resint_SV_LA	LAStrokeVolume	TzConductionCells
VIC_free_segments_2	10.9968395169796	2.72168772789164	9.7117609911033e-05	0.017	1.60715360135263	resint_SV_LA	11	resint_SV_LA	LAStrokeVolume	FB
Pericytes_1	9.56260701249415	2.38605147953747	0.000166474673940741	0.028	0.859049153829838	resint_SV_LA	11	resint_SV_LA	LAStrokeVolume	MuralCells
SMC_1	9.80169125382972	2.28588542033439	0.00010107845282734	0.017	0.800950674825359	resint_SV_LA	11	resint_SV_LA	LAStrokeVolume	MuralCells
ACM_right_trabecular_2	10.7440283462669	2.66756208898519	0.00023480867917404	0.04	0.05254865439219	resint_SV_LV	35	resint_SV_LV	LVStrokeVolume	ACM
AV_bundle_Tz	13.492403420119	3.18096484555302	0.000163816271202388	0.028	1.64599640894549	resint_SV_LV	35	resint_SV_LV	LVStrokeVolume	TzConductionCells
Pericytes_1	9.84684924367286	2.21526605527049	5.20769763431852e-05	0.009	1.15786743619364	resint_SV_LV	35	resint_SV_LV	LVStrokeVolume	MuralCells
SMC_1	10.3727386572408	2.128076482649	1.57601717862401e-05	0.003	1.72113051797392	resint_SV_LV	35	resint_SV_LV	LVStrokeVolume	MuralCells
Epicardial_3	11.895744707393	2.93834850579548	0.000198408032629123	0.034	2.01067188314871	resint_SV_LV	35	resint_SV_LV	LVStrokeVolume	Epicardial
ACM_left_compact	8.93564716146869	2.10541040822286	0.000152521124354679	0.026	0.881308161225828	resint_max_aa_shortaxis_cm	286	resint_max_aa_shortaxis_cm	MaxAscendingAortaDiameter_JPv2	ACM
ACM_right_trabecular_2	10.1627039303173	2.16042911335687	1.95057878120273e-05	0.003	1.1643875674885	resint_max_aa_shortaxis_cm	286	resint_max_aa_shortaxis_cm	MaxAscendingAortaDiameter_JPv2	ACM
VCM_left_trabecular_2	10.829219689646	2.30110600500421	1.58701254457241e-05	0.003	1.10102228728007	resint_max_aa_shortaxis_cm	286	resint_max_aa_shortaxis_cm	MaxAscendingAortaDiameter_JPv2	VCM
VCM_left_trabecular_3	8.67898283328429	2.02480047304416	0.000145778571103863	0.025	-0.765942182292753	resint_max_aa_shortaxis_cm	286	resint_max_aa_shortaxis_cm	MaxAscendingAortaDiameter_JPv2	VCM
VCM_left_hybrid	9.98839036275509	2.14218907169806	3.63757997044101e-05	0.006	0.944917589078198	resint_max_aa_shortaxis_cm	286	resint_max_aa_shortaxis_cm	MaxAscendingAortaDiameter_JPv2	VCM
VCM_left_compact_1	9.91081190959977	2.25627377365824	6.99300025468001e-05	0.012	0.537702973990175	resint_max_aa_shortaxis_cm	286	resint_max_aa_shortaxis_cm	MaxAscendingAortaDiameter_JPv2	VCM
VCM_left_compact_2	10.3787481941214	2.32611560144727	5.17365631213215e-05	0.009	0.666562052596359	resint_max_aa_shortaxis_cm	286	resint_max_aa_shortaxis_cm	MaxAscendingAortaDiameter_JPv2	VCM
VCM_left_compact_3	10.5570818896369	2.55910325620179	0.000205872486809227	0.035	1.06132313303082	resint_max_aa_shortaxis_cm	286	resint_max_aa_shortaxis_cm	MaxAscendingAortaDiameter_JPv2	VCM
VCM_right_trabecular	9.5927517667046	2.17157662535376	6.4735216531156e-05	0.011	0.218679680549178	resint_max_aa_shortaxis_cm	286	resint_max_aa_shortaxis_cm	MaxAscendingAortaDiameter_JPv2	VCM
VCM_right_compact	8.50743387185704	2.04954242768992	0.00021515663779594	0.037	-1.27174213077054	resint_max_aa_shortaxis_cm	286	resint_max_aa_shortaxis_cm	MaxAscendingAortaDiameter_JPv2	VCM
AV_bundle	10.1242200757916	2.44416441576857	0.000145492742198641	0.025	0.794291733466353	resint_max_aa_shortaxis_cm	286	resint_max_aa_shortaxis_cm	MaxAscendingAortaDiameter_JPv2	CoreConductionCells
PF_1	11.5028819041346	2.7452199500281	0.00012700941049005	0.022	1.28428379888786	resint_max_aa_shortaxis_cm	286	resint_max_aa_shortaxis_cm	MaxAscendingAortaDiameter_JPv2	CoreConductionCells
AV_Tz	9.94494356317001	2.38644434375248	0.000160535026755299	0.027	1.16131714534444	resint_max_aa_shortaxis_cm	286	resint_max_aa_shortaxis_cm	MaxAscendingAortaDiameter_JPv2	NA
AV_bundle_Tz	10.5635503288505	2.47898939715245	9.82134411734239e-05	0.017	0.907864122480695	resint_max_aa_shortaxis_cm	286	resint_max_aa_shortaxis_cm	MaxAscendingAortaDiameter_JPv2	TzConductionCells
VCM_transition	11.1110211699286	2.62880567949972	0.000116455936089154	0.02	1.13856754820192	resint_max_aa_shortaxis_cm	286	resint_max_aa_shortaxis_cm	MaxAscendingAortaDiameter_JPv2	NA
Endocardial_VentricularEC_1	8.88528855009702	1.80722231946885	1.58030954811382e-05	0.003	1.00263944951231	resint_max_aa_shortaxis_cm	286	resint_max_aa_shortaxis_cm	MaxAscendingAortaDiameter_JPv2	Endocardial
Endocardial_VentricularEC_2	7.50514715278467	1.78886446298315	0.000280902425861069	0.048	-0.889486877504518	resint_max_aa_shortaxis_cm	286	resint_max_aa_shortaxis_cm	MaxAscendingAortaDiameter_JPv2	Endocardial
Endocardial_AtrialEC	8.12894330505009	1.86357700081361	0.000139379838048193	0.024	-0.462758378918765	resint_max_aa_shortaxis_cm	286	resint_max_aa_shortaxis_cm	MaxAscendingAortaDiameter_JPv2	Endocardial
Endocardial_AtrialSeptumEC_endocardial	8.4178213764964	1.90598346839338	0.000100754126284221	0.017	0.110224635215068	resint_max_aa_shortaxis_cm	286	resint_max_aa_shortaxis_cm	MaxAscendingAortaDiameter_JPv2	Endocardial
Endocardial_IFT_VEC	8.94999498085804	1.93900804712556	5.22686093366533e-05	0.009	0.722226638872789	resint_max_aa_shortaxis_cm	286	resint_max_aa_shortaxis_cm	MaxAscendingAortaDiameter_JPv2	Endocardial
Endocardial_OFT_VEC	8.28456694377894	1.51608546531066	1.9493607318555e-06	0	0.547741499928686	resint_max_aa_shortaxis_cm	286	resint_max_aa_shortaxis_cm	MaxAscendingAortaDiameter_JPv2	Endocardial
Endocaridal_AorticEC_endothelial	9.17413414363834	1.93817150744534	4.47854701739113e-05	0.008	0.451368252989198	resint_max_aa_shortaxis_cm	286	resint_max_aa_shortaxis_cm	MaxAscendingAortaDiameter_JPv2	Endocardial
CFB_progenitors	10.5829985500095	1.5861416979265	1.29793606394961e-08	0	0.326864998922002	resint_max_aa_shortaxis_cm	286	resint_max_aa_shortaxis_cm	MaxAscendingAortaDiameter_JPv2	FB
CFB_mature	10.3471235666092	1.63811390557432	6.61292425576612e-08	0	0.529182007318598	resint_max_aa_shortaxis_cm	286	resint_max_aa_shortaxis_cm	MaxAscendingAortaDiameter_JPv2	FB
CFB_atrium	11.0366744686647	1.77124274199592	1.37699841427214e-07	0	0.145461686313393	resint_max_aa_shortaxis_cm	286	resint_max_aa_shortaxis_cm	MaxAscendingAortaDiameter_JPv2	FB
CFB_DMP_1	12.8633090683589	1.93595020534108	5.49777218467188e-09	0	1.96554538095981	resint_max_aa_shortaxis_cm	286	resint_max_aa_shortaxis_cm	MaxAscendingAortaDiameter_JPv2	FB
CFB_DMP_2	13.0101672534503	2.44832486835529	9.8323143698966e-07	0	0.728498328447925	resint_max_aa_shortaxis_cm	286	resint_max_aa_shortaxis_cm	MaxAscendingAortaDiameter_JPv2	FB
CFB_DMP_3	10.8264290985979	2.12292604645727	3.32442941542116e-06	0.001	-0.15213719295709	resint_max_aa_shortaxis_cm	286	resint_max_aa_shortaxis_cm	MaxAscendingAortaDiameter_JPv2	FB
VIC_free_segments_1	9.77428684503245	1.95640514238681	1.10277440439943e-05	0.002	-0.138329621689884	resint_max_aa_shortaxis_cm	286	resint_max_aa_shortaxis_cm	MaxAscendingAortaDiameter_JPv2	FB
VIC_free_segments_2	9.1942110126859	1.92537598397624	2.50592063437104e-05	0.004	-1.06242211183807	resint_max_aa_shortaxis_cm	286	resint_max_aa_shortaxis_cm	MaxAscendingAortaDiameter_JPv2	FB
VIC_free_segments_3	11.2119818218293	2.09578829320457	1.41549329084086e-06	0	0.890742648911011	resint_max_aa_shortaxis_cm	286	resint_max_aa_shortaxis_cm	MaxAscendingAortaDiameter_JPv2	FB
VIC_NC_derived_mescenchyme	9.91009317392455	1.94081316796504	7.86504788104651e-06	0.001	-0.19526223517518	resint_max_aa_shortaxis_cm	286	resint_max_aa_shortaxis_cm	MaxAscendingAortaDiameter_JPv2	FB
VIC_valve_roots	9.16586551690776	1.68595167739721	1.48454988960202e-06	0	-0.55896219427709	resint_max_aa_shortaxis_cm	286	resint_max_aa_shortaxis_cm	MaxAscendingAortaDiameter_JPv2	FB
Pericytes_1	11.0218876967667	2.08710191934444	4.43251016673206e-06	0.001	0.336659809005977	resint_max_aa_shortaxis_cm	286	resint_max_aa_shortaxis_cm	MaxAscendingAortaDiameter_JPv2	MuralCells
Pericytes_2	10.1409299342017	2.0903594865022	2.01545078751454e-05	0.003	0.165199546761013	resint_max_aa_shortaxis_cm	286	resint_max_aa_shortaxis_cm	MaxAscendingAortaDiameter_JPv2	MuralCells
Pericytes_3	12.1100427214183	2.43195200200945	9.90611514345796e-06	0.002	1.18863494771446	resint_max_aa_shortaxis_cm	286	resint_max_aa_shortaxis_cm	MaxAscendingAortaDiameter_JPv2	MuralCells
SMC_1	14.4721260626265	2.17353510358751	6.22870610178476e-10	0	2.74105980004533	resint_max_aa_shortaxis_cm	286	resint_max_aa_shortaxis_cm	MaxAscendingAortaDiameter_JPv2	MuralCells
SMC_2	16.1364724552512	2.77572673799115	1.09775717786413e-07	0	2.70778949420767	resint_max_aa_shortaxis_cm	286	resint_max_aa_shortaxis_cm	MaxAscendingAortaDiameter_JPv2	MuralCells
VCM_left_trabecular_2	8.68215351947246	2.15895421252407	0.000262743584937755	0.045	-0.0460101093444056	resint_root	282	resint_root	AorticRootDiameter	VCM
VCM_left_trabecular_3	9.01134815253951	2.17337341693499	0.000186732485287854	0.032	0.801466575606274	resint_root	282	resint_root	AorticRootDiameter	VCM
VCM_left_compact_2	9.04710904395158	2.15739684781138	0.000138755000997292	0.024	0.557190552817957	resint_root	282	resint_root	AorticRootDiameter	VCM
AV_bundle_Tz	9.78939071136737	2.42141469851679	0.000190160837894881	0.032	1.66541727375639	resint_root	282	resint_root	AorticRootDiameter	TzConductionCells
Endocardial_VentricularEC_2	8.46063100578286	1.87643983382875	8.28368493685732e-05	0.014	0.3371852150107	resint_root	282	resint_root	AorticRootDiameter	Endocardial
Endocardial_AtrialEC	9.05793962147644	2.08898515235534	0.000114985090581306	0.02	0.544978358635257	resint_root	282	resint_root	AorticRootDiameter	Endocardial
Endocardial_OFT_VEC	9.41645018813936	1.83463904369108	5.139965085946e-06	0.001	1.5819226893506	resint_root	282	resint_root	AorticRootDiameter	Endocardial
Endocaridal_AorticEC_endothelial	9.10961252747713	2.06527498129707	0.000107742635549427	0.018	0.695396835383772	resint_root	282	resint_root	AorticRootDiameter	Endocardial
CFB_progenitors	8.23198569113982	1.58818612269215	7.17303140667335e-06	0.001	-1.53642844558993	resint_root	282	resint_root	AorticRootDiameter	FB
CFB_mature	9.36666611997416	1.72853266004618	4.28472881361282e-06	0.001	0.38963587085493	resint_root	282	resint_root	AorticRootDiameter	FB
CFB_atrium	10.9287632950192	1.93820445185988	6.61984386354923e-07	0	0.613360491148456	resint_root	282	resint_root	AorticRootDiameter	FB
CFB_DMP_1	10.6641087754826	1.82902830986801	2.7009750972285e-07	0	0.658208184447239	resint_root	282	resint_root	AorticRootDiameter	FB
CFB_DMP_2	11.4351374754996	2.3978507810368	2.63039493084662e-05	0.004	-0.0762851863985447	resint_root	282	resint_root	AorticRootDiameter	FB
CFB_DMP_3	11.8912892552362	2.11994986336451	3.89549618409968e-07	0	1.02178350588451	resint_root	282	resint_root	AorticRootDiameter	FB
CFB_OFT_1	10.0203759492018	2.15900127353683	7.32953432211533e-05	0.012	0.757350655404234	resint_root	282	resint_root	AorticRootDiameter	FB
CFB_OFT_2	8.47115302170065	1.95097447595532	0.000176880271140323	0.03	-0.704144382912781	resint_root	282	resint_root	AorticRootDiameter	FB
CFB_OFT_3	11.2415358475711	2.49791169510844	9.01342393890731e-05	0.015	1.37936794720673	resint_root	282	resint_root	AorticRootDiameter	FB
VIC_free_segments_1	10.1016076898624	1.88378296967089	2.19345639324423e-06	0	-0.105550319837247	resint_root	282	resint_root	AorticRootDiameter	FB
VIC_free_segments_2	8.61816747880917	1.89328320292069	8.44729184060862e-05	0.014	-1.48371103764555	resint_root	282	resint_root	AorticRootDiameter	FB
VIC_free_segments_3	12.5230938207507	2.03931177266315	3.33548432578243e-08	0	1.68469133379899	resint_root	282	resint_root	AorticRootDiameter	FB
VIC_NC_derived_mescenchyme	10.9951794842329	1.90060786057433	3.908199621117e-07	0	0.525560571764203	resint_root	282	resint_root	AorticRootDiameter	FB
VIC_valve_roots	9.89194657482084	1.9798307426891	4.42270201719692e-06	0.001	-0.125762233139233	resint_root	282	resint_root	AorticRootDiameter	FB
Pericytes_1	10.5620638244256	2.18635131404825	3.47197487178984e-05	0.006	0.338748424339804	resint_root	282	resint_root	AorticRootDiameter	MuralCells
Pericytes_3	11.6032459651899	2.52133272329291	8.6836625993232e-05	0.015	1.13024885557535	resint_root	282	resint_root	AorticRootDiameter	MuralCells
SMC_1	15.1565009559952	2.32453831529663	4.42104511204432e-09	0	2.65644829898811	resint_root	282	resint_root	AorticRootDiameter	MuralCells
SMC_2	17.0961220722803	2.97849947714701	6.35533752399223e-07	0	2.66002980889373	resint_root	282	resint_root	AorticRootDiameter	MuralCells
VCM_left_trabecular_2	9.86870345969568	2.37895723065162	0.000132821022740011	0.023	0.73701602807989	taad_metal	285	taad_metal	ThoracicAorticAneurysm	VCM
VCM_left_compact_2	9.73088563677483	2.37829822116832	0.000216469591756598	0.037	0.842350844447616	taad_metal	285	taad_metal	ThoracicAorticAneurysm	VCM
Endocardial_OFT_VEC	8.02210309427763	1.67154003550542	2.55954192909431e-05	0.004	0.849343505023432	taad_metal	285	taad_metal	ThoracicAorticAneurysm	Endocardial
CFB_progenitors	9.1009467160089	1.66647859481212	3.42107850511122e-06	0.001	-0.888549207715791	taad_metal	285	taad_metal	ThoracicAorticAneurysm	FB
CFB_mature	10.2527062699983	1.92182676541852	6.18715772535677e-06	0.001	0.705498757326669	taad_metal	285	taad_metal	ThoracicAorticAneurysm	FB
CFB_atrium	11.6460895451939	1.9911918055661	4.60683606238568e-07	0	0.800700226111324	taad_metal	285	taad_metal	ThoracicAorticAneurysm	FB
CFB_DMP_1	11.3333488621171	1.8912582992925	1.5278768467725e-07	0	0.856571363444099	taad_metal	285	taad_metal	ThoracicAorticAneurysm	FB
CFB_DMP_2	13.0177204120176	2.85418239490207	3.43813415724839e-05	0.006	0.765034533725868	taad_metal	285	taad_metal	ThoracicAorticAneurysm	FB
CFB_DMP_3	11.5867106228983	2.41709193766482	1.43614683202867e-05	0.002	0.597174417055554	taad_metal	285	taad_metal	ThoracicAorticAneurysm	FB
VIC_free_segments_1	9.47038327755778	2.09033352359311	7.31541167087932e-05	0.012	-0.209177613180362	taad_metal	285	taad_metal	ThoracicAorticAneurysm	FB
VIC_free_segments_2	8.74953191220722	1.95938899354225	0.000114853936271912	0.02	-1.11686156456518	taad_metal	285	taad_metal	ThoracicAorticAneurysm	FB
VIC_free_segments_3	11.5008223332648	2.26446848030768	6.22957389573375e-06	0.001	1.16413204487262	taad_metal	285	taad_metal	ThoracicAorticAneurysm	FB
VIC_NC_derived_mescenchyme	10.1281366723065	2.0496269194778	2.28877686258948e-05	0.004	0.183078500489325	taad_metal	285	taad_metal	ThoracicAorticAneurysm	FB
VIC_valve_roots	8.9384469306361	1.79644980152024	1.11120920242935e-05	0.002	-0.450100920488835	taad_metal	285	taad_metal	ThoracicAorticAneurysm	FB
Pericytes_1	10.3036394955378	2.42402919880562	0.000250583109462353	0.043	-0.104417667628535	taad_metal	285	taad_metal	ThoracicAorticAneurysm	MuralCells
Pericytes_2	9.6691464447123	2.17514839473169	0.000149970539114226	0.025	-0.00535718940460788	taad_metal	285	taad_metal	ThoracicAorticAneurysm	MuralCells
Pericytes_3	12.0861698314449	2.60788697185372	6.95220890596903e-05	0.012	1.31439552623149	taad_metal	285	taad_metal	ThoracicAorticAneurysm	MuralCells
SMC_1	14.4803821427822	2.26827000664284	5.67075754533069e-09	0	2.60531284809947	taad_metal	285	taad_metal	ThoracicAorticAneurysm	MuralCells
SMC_2	16.2128839344144	2.99968740865735	2.00825356840052e-06	0	2.54177330438664	taad_metal	285	taad_metal	ThoracicAorticAneurysm	MuralCells
VCM_left_trabecular_1	7.60991748625383	1.70245285243621	0.000168866977515511	0.029	2.0421049671263	as_metal	168	as_metal	AorticStenosis	VCM
SAN_head	8.73944382707783	2.05654919199211	0.00016972562327154	0.029	2.00988285645179	as_metal	168	as_metal	AorticStenosis	CoreConductionCells
PF_1	9.72982465882721	2.27488208727145	0.000132632744331855	0.023	2.19813221130113	as_metal	168	as_metal	AorticStenosis	CoreConductionCells
AV_bundle_Tz	8.69555297347819	1.99270310774096	0.000234278809280001	0.04	1.72030721272752	as_metal	168	as_metal	AorticStenosis	TzConductionCells
Endocardial_IFT_VEC	7.83281645881865	1.92603655369758	0.000245614999164968	0.042	1.11252371602633	as_metal	168	as_metal	AorticStenosis	Endocardial
CFB_mature	6.42798495328004	1.45310924841253	0.000122596602814849	0.021	0.118769605201325	as_metal	168	as_metal	AorticStenosis	FB
CFB_atrium	6.97666047128114	1.63730706208569	0.000214328940896017	0.036	0.43268541489555	as_metal	168	as_metal	AorticStenosis	FB
VIC_free_segments_1	9.53793429136692	2.28345987820359	0.000258948089891765	0.044	1.36054260216366	as_metal	168	as_metal	AorticStenosis	FB
VIC_free_segments_3	10.0009066862307	2.45616732387002	0.000221506077458818	0.038	1.7549116035491	resint_AVACM2	105	resint_AVACM2	AorticValveArea	FB
SMC_1	9.27290148061351	1.88627598560101	1.13388124106547e-05	0.002	2.29251932359643	resint_AVACM2	105	resint_AVACM2	AorticValveArea	MuralCells
VCM_left_trabecular_1	7.70625157044238	1.76290111597066	0.000181722360329119	0.031	1.86229361647673	resint_peak_velocity_aa	120	resint_peak_velocity_aa	AorticValvePeakVelocity	VCM
SAN_head	8.86771037308713	2.38885946729293	0.000127597614894831	0.022	2.17710626833324	resint_peak_velocity_aa	120	resint_peak_velocity_aa	AorticValvePeakVelocity	CoreConductionCells
Endocardial_IFT_VEC	7.85594773483639	2.22624324359647	0.000222511505333915	0.038	1.4846099388943	resint_peak_velocity_aa	120	resint_peak_velocity_aa	AorticValvePeakVelocity	Endocardial
CFB_mature	6.4851748044295	1.84098236838919	0.000252747934592959	0.043	1.04783852027458	resint_peak_velocity_aa	120	resint_peak_velocity_aa	AorticValvePeakVelocity	FB
VIC_free_segments_1	8.87730119994957	2.37167977617255	0.000183492380357346	0.031	1.65003763883949	resint_peak_velocity_aa	120	resint_peak_velocity_aa	AorticValvePeakVelocity	FB
SMC_1	7.79032066592141	2.1185058417593	8.13647796211117e-05	0.014	1.86273367971482	resint_peak_velocity_aa	120	resint_peak_velocity_aa	AorticValvePeakVelocity	MuralCells
VCM_left_trabecular_1	7.83347762958909	1.77772988735544	0.000143255387808104	0.024	1.88040552252357	resint_systole_pos_MeanPeakGradientMMHg_aa	111	resint_systole_pos_MeanPeakGradientMMHg_aa	AorticVavleMeanGradient	VCM
SAN_head	8.98109193924046	2.47072403087659	0.000154579515488859	0.026	2.14865824528301	resint_systole_pos_MeanPeakGradientMMHg_aa	111	resint_systole_pos_MeanPeakGradientMMHg_aa	AorticVavleMeanGradient	CoreConductionCells
CFB_mature	6.57089482899388	1.88110724787969	0.000208495824779718	0.035	1.20443356340481	resint_systole_pos_MeanPeakGradientMMHg_aa	111	resint_systole_pos_MeanPeakGradientMMHg_aa	AorticVavleMeanGradient	FB
VIC_free_segments_1	8.84625015219594	2.4021253708965	0.000203470364321336	0.035	1.65064930146195	resint_systole_pos_MeanPeakGradientMMHg_aa	111	resint_systole_pos_MeanPeakGradientMMHg_aa	AorticVavleMeanGradient	FB
SMC_1	7.66566529779232	2.14763992617935	0.000117416699183145	0.02	1.74486110120507	resint_systole_pos_MeanPeakGradientMMHg_aa	111	resint_systole_pos_MeanPeakGradientMMHg_aa	AorticVavleMeanGradient	MuralCells
